--------------------------------------------------------
--  File created - Thursday-April-20-2023   
--------------------------------------------------------
DROP TABLE "U_AD_QLNV"."DEAN" cascade constraints;
DROP TABLE "U_AD_QLNV"."PHANCONG$" cascade constraints;
DROP TABLE "U_AD_QLNV"."NHANVIEN$" cascade constraints;
DROP TABLE "U_AD_QLNV"."PHONGBAN" cascade constraints;
--------------------------------------------------------
--  DDL for Table DEAN
--------------------------------------------------------

  CREATE TABLE "U_AD_QLNV"."DEAN" 
   (	"MADA" VARCHAR2(50 BYTE), 
	"TENDA" NVARCHAR2(255), 
	"NGAYBD" DATE, 
	"PHONG" VARCHAR2(50 BYTE)
   ) SEGMENT CREATION IMMEDIATE 
  PCTFREE 10 PCTUSED 40 INITRANS 1 MAXTRANS 255 
 NOCOMPRESS LOGGING
  STORAGE(INITIAL 65536 NEXT 1048576 MINEXTENTS 1 MAXEXTENTS 2147483645
  PCTINCREASE 0 FREELISTS 1 FREELIST GROUPS 1
  BUFFER_POOL DEFAULT FLASH_CACHE DEFAULT CELL_FLASH_CACHE DEFAULT)
  TABLESPACE "USERS" ;

--------------------------------------------------------
--  DDL for Table PHANCONG$
--------------------------------------------------------

   CREATE TABLE "U_AD_QLNV"."NHANVIEN$" 
   (	"MANV" VARCHAR2(50 BYTE), 
	"TENNV" NVARCHAR2(50), 
	"PHAI" NVARCHAR2(3), 
	"NGAYSINH" DATE, 
	"DIACHI" NVARCHAR2(255), 
	"SODT" VARCHAR2(15 BYTE), 
	"LUONG" VARCHAR2(32 BYTE), 
	"PHUCAP" VARCHAR2(32 BYTE), 
	"VAITRO" NVARCHAR2(20), 
	"MANQL" VARCHAR2(50 BYTE), 
	"PHG" VARCHAR2(50 BYTE)
   ) SEGMENT CREATION IMMEDIATE 
  PCTFREE 10 PCTUSED 40 INITRANS 1 MAXTRANS 255 
 NOCOMPRESS LOGGING
  STORAGE(INITIAL 65536 NEXT 1048576 MINEXTENTS 1 MAXEXTENTS 2147483645
  PCTINCREASE 0 FREELISTS 1 FREELIST GROUPS 1
  BUFFER_POOL DEFAULT FLASH_CACHE DEFAULT CELL_FLASH_CACHE DEFAULT)
  TABLESPACE "USERS" ;
 
  CREATE TABLE "U_AD_QLNV"."PHANCONG$" 
   (	"MANV" VARCHAR2(50 BYTE), 
	"MADA" VARCHAR2(50 BYTE), 
	"THOIGIAN" NUMBER
   ) SEGMENT CREATION IMMEDIATE 
  PCTFREE 10 PCTUSED 40 INITRANS 1 MAXTRANS 255 
 NOCOMPRESS LOGGING
  STORAGE(INITIAL 65536 NEXT 1048576 MINEXTENTS 1 MAXEXTENTS 2147483645
  PCTINCREASE 0 FREELISTS 1 FREELIST GROUPS 1
  BUFFER_POOL DEFAULT FLASH_CACHE DEFAULT CELL_FLASH_CACHE DEFAULT)
  TABLESPACE "USERS" ;
--------------------------------------------------------
--  DDL for Table PHONGBAN
--------------------------------------------------------

  CREATE TABLE "U_AD_QLNV"."PHONGBAN" 
   (	"MAPB" VARCHAR2(50 BYTE), 
	"TENPB" NVARCHAR2(255), 
	"TRGPHG" VARCHAR2(50 BYTE)
   ) SEGMENT CREATION IMMEDIATE 
  PCTFREE 10 PCTUSED 40 INITRANS 1 MAXTRANS 255 
 NOCOMPRESS LOGGING
  STORAGE(INITIAL 65536 NEXT 1048576 MINEXTENTS 1 MAXEXTENTS 2147483645
  PCTINCREASE 0 FREELISTS 1 FREELIST GROUPS 1
  BUFFER_POOL DEFAULT FLASH_CACHE DEFAULT CELL_FLASH_CACHE DEFAULT)
  TABLESPACE "USERS" ;
REM INSERTING into U_AD_QLNV.DEAN
SET DEFINE OFF;
Insert into U_AD_QLNV.DEAN (MADA,TENDA,NGAYBD,PHONG) values ('DA001','Đề án 1',to_date('20-APR-23','DD-MON-RR'),'PB001');
Insert into U_AD_QLNV.DEAN (MADA,TENDA,NGAYBD,PHONG) values ('DA002','Đề án 2',to_date('19-APR-23','DD-MON-RR'),'PB002');
Insert into U_AD_QLNV.DEAN (MADA,TENDA,NGAYBD,PHONG) values ('DA003','Đề án 3',to_date('18-APR-23','DD-MON-RR'),'PB003');
REM INSERTING into U_AD_QLNV.NHANVIEN$
SET DEFINE OFF;
Insert into U_AD_QLNV.NHANVIEN$ (MANV,TENNV,PHAI,NGAYSINH,DIACHI,SODT,LUONG,PHUCAP,VAITRO,MANQL,PHG) values ('NV136',N'Chiêm Hoàn Châu',N'Nữ',to_date('22-APR-94','DD-MON-RR'),N'Quận Tân Phú, TP Hồ Chí Minh','1757706768',7448581,706233,N'Nhân viên','NV028','PB008');
Insert into U_AD_QLNV.NHANVIEN$ (MANV,TENNV,PHAI,NGAYSINH,DIACHI,SODT,LUONG,PHUCAP,VAITRO,MANQL,PHG) values ('NV137',N'Cao Hồng Đức',N'Nam',to_date('21-FEB-97','DD-MON-RR'),N'Quận Tân Bình, TP Hồ Chí Minh','74573276',7742266,503554,N'Nhân viên','NV023','PB006');
Insert into U_AD_QLNV.NHANVIEN$ (MANV,TENNV,PHAI,NGAYSINH,DIACHI,SODT,LUONG,PHUCAP,VAITRO,MANQL,PHG) values ('NV138',N'Đường Xuân Minh',N'Nam',to_date('18-JAN-95','DD-MON-RR'),N'Quận Phú Nhuận, TP Hồ Chí Minh','1674817314',7749040,573453,N'Nhân viên','NV015','PB003');
Insert into U_AD_QLNV.NHANVIEN$ (MANV,TENNV,PHAI,NGAYSINH,DIACHI,SODT,LUONG,PHUCAP,VAITRO,MANQL,PHG) values ('NV139',N'Cống Hải Sơn',N'Nam',to_date('16-JUL-92','DD-MON-RR'),N'Quận Phú Nhuận, TP Hồ Chí Minh','848064875',7766848,997119,N'Nhân viên','NV024','PB004');
Insert into U_AD_QLNV.NHANVIEN$ (MANV,TENNV,PHAI,NGAYSINH,DIACHI,SODT,LUONG,PHUCAP,VAITRO,MANQL,PHG) values ('NV140',N'Bạch Hải Phong',N'Nam',to_date('21-AUG-94','DD-MON-RR'),N'Quận Bình Thạnh, TP Hồ Chí Minh','1485713199',7375518,953292,N'Nhân viên','NV010','PB007');
Insert into U_AD_QLNV.NHANVIEN$ (MANV,TENNV,PHAI,NGAYSINH,DIACHI,SODT,LUONG,PHUCAP,VAITRO,MANQL,PHG) values ('NV141',N'Hầu Thu Nhiên',N'Nữ',to_date('27-NOV-96','DD-MON-RR'),N'Quận 8, TP Hồ Chí Minh','291309360',7798069,656265,N'Nhân viên','NV014','PB008');
Insert into U_AD_QLNV.NHANVIEN$ (MANV,TENNV,PHAI,NGAYSINH,DIACHI,SODT,LUONG,PHUCAP,VAITRO,MANQL,PHG) values ('NV142',N'Xung Hoài Phương',N'Nữ',to_date('02-OCT-92','DD-MON-RR'),N'Quận Gò Vấp, TP Hồ Chí Minh','707591021',7927162,777614,N'Nhân viên','NV023','PB006');
Insert into U_AD_QLNV.NHANVIEN$ (MANV,TENNV,PHAI,NGAYSINH,DIACHI,SODT,LUONG,PHUCAP,VAITRO,MANQL,PHG) values ('NV143',N'Đăng Gia Thịnh',N'Nam',to_date('01-SEP-93','DD-MON-RR'),N'Quận Bình Tân, TP Hồ Chí Minh','1245753414',7053409,504193,N'Nhân viên','NV023','PB006');
Insert into U_AD_QLNV.NHANVIEN$ (MANV,TENNV,PHAI,NGAYSINH,DIACHI,SODT,LUONG,PHUCAP,VAITRO,MANQL,PHG) values ('NV144',N'Bá Mai Khôi',N'Nữ',to_date('24-FEB-91','DD-MON-RR'),N'Quận 8, TP Hồ Chí Minh','2026190753',7337195,586040,N'Nhân viên','NV011','PB005');
Insert into U_AD_QLNV.NHANVIEN$ (MANV,TENNV,PHAI,NGAYSINH,DIACHI,SODT,LUONG,PHUCAP,VAITRO,MANQL,PHG) values ('NV145',N'Hình Thành Trung',N'Nam',to_date('13-NOV-92','DD-MON-RR'),N'Quận Bình Tân, TP Hồ Chí Minh','582301306',7775254,952441,N'Nhân viên','NV023','PB006');
Insert into U_AD_QLNV.NHANVIEN$ (MANV,TENNV,PHAI,NGAYSINH,DIACHI,SODT,LUONG,PHUCAP,VAITRO,MANQL,PHG) values ('NV146',N'Sùng Việt Quyết',N'Nam',to_date('05-OCT-93','DD-MON-RR'),N'Quận 2, TP Hồ Chí Minh','1922549354',7969013,728869,N'Nhân viên','NV022','PB005');
Insert into U_AD_QLNV.NHANVIEN$ (MANV,TENNV,PHAI,NGAYSINH,DIACHI,SODT,LUONG,PHUCAP,VAITRO,MANQL,PHG) values ('NV147',N'Hàng Xuân Hạnh',N'Nữ',to_date('04-MAY-97','DD-MON-RR'),N'Quận Tân Phú, TP Hồ Chí Minh','892718233',7470988,906094,N'Nhân viên','NV012','PB004');
Insert into U_AD_QLNV.NHANVIEN$ (MANV,TENNV,PHAI,NGAYSINH,DIACHI,SODT,LUONG,PHUCAP,VAITRO,MANQL,PHG) values ('NV148',N'Thẩm Thanh Hậu',N'Nam',to_date('18-FEB-91','DD-MON-RR'),N'Quận Phú Nhuận, TP Hồ Chí Minh','168919913',7543601,622091,N'Nhân viên','NV017','PB001');
Insert into U_AD_QLNV.NHANVIEN$ (MANV,TENNV,PHAI,NGAYSINH,DIACHI,SODT,LUONG,PHUCAP,VAITRO,MANQL,PHG) values ('NV149',N'Giàng Hoàng Cúc',N'Nữ',to_date('18-MAY-92','DD-MON-RR'),N'Quận 2, TP Hồ Chí Minh','792510480',7439658,997429,N'Nhân viên','NV020','PB006');
Insert into U_AD_QLNV.NHANVIEN$ (MANV,TENNV,PHAI,NGAYSINH,DIACHI,SODT,LUONG,PHUCAP,VAITRO,MANQL,PHG) values ('NV150',N'Hề Trường Chinh',N'Nam',to_date('10-MAR-92','DD-MON-RR'),N'Quận Bình Thạnh, TP Hồ Chí Minh','576178925',7708795,886687,N'Nhân viên','NV028','PB008');
Insert into U_AD_QLNV.NHANVIEN$ (MANV,TENNV,PHAI,NGAYSINH,DIACHI,SODT,LUONG,PHUCAP,VAITRO,MANQL,PHG) values ('NV151',N'Nông Ly Châu',N'Nữ',to_date('16-AUG-90','DD-MON-RR'),N'Quận Gò Vấp, TP Hồ Chí Minh','1371025289',7808982,503621,N'Nhân viên','NV012','PB004');
Insert into U_AD_QLNV.NHANVIEN$ (MANV,TENNV,PHAI,NGAYSINH,DIACHI,SODT,LUONG,PHUCAP,VAITRO,MANQL,PHG) values ('NV152',N'Mang Bảo Chấn',N'Nam',to_date('26-NOV-90','DD-MON-RR'),N'Quận Phú Nhuận, TP Hồ Chí Minh','1977701876',7944908,603970,N'Nhân viên','NV020','PB006');
Insert into U_AD_QLNV.NHANVIEN$ (MANV,TENNV,PHAI,NGAYSINH,DIACHI,SODT,LUONG,PHUCAP,VAITRO,MANQL,PHG) values ('NV153',N'Hồng Huy Lâm',N'Nam',to_date('03-JAN-90','DD-MON-RR'),N'Quận Tân Bình, TP Hồ Chí Minh','891603248',7139959,851888,N'Nhân viên','NV019','PB003');
Insert into U_AD_QLNV.NHANVIEN$ (MANV,TENNV,PHAI,NGAYSINH,DIACHI,SODT,LUONG,PHUCAP,VAITRO,MANQL,PHG) values ('NV154',N'Ngọ Liên Chi',N'Nữ',to_date('01-FEB-93','DD-MON-RR'),N'Quận Bình Tân, TP Hồ Chí Minh','562710630',7397817,801984,N'Nhân viên','NV018','PB007');
Insert into U_AD_QLNV.NHANVIEN$ (MANV,TENNV,PHAI,NGAYSINH,DIACHI,SODT,LUONG,PHUCAP,VAITRO,MANQL,PHG) values ('NV155',N'Khu Chi Mai',N'Nữ',to_date('23-DEC-95','DD-MON-RR'),N'Quận Tân Bình, TP Hồ Chí Minh','511531041',7800362,813405,N'Nhân viên','NV027','PB001');
Insert into U_AD_QLNV.NHANVIEN$ (MANV,TENNV,PHAI,NGAYSINH,DIACHI,SODT,LUONG,PHUCAP,VAITRO,MANQL,PHG) values ('NV156',N'Lưu Xuân Trường',N'Nam',to_date('05-OCT-91','DD-MON-RR'),N'Quận 2, TP Hồ Chí Minh','140021505',7282762,931322,N'Nhân viên','NV009','PB003');
Insert into U_AD_QLNV.NHANVIEN$ (MANV,TENNV,PHAI,NGAYSINH,DIACHI,SODT,LUONG,PHUCAP,VAITRO,MANQL,PHG) values ('NV157',N'Hán Thanh Ðoàn',N'Nam',to_date('19-DEC-94','DD-MON-RR'),N'Quận 8, TP Hồ Chí Minh','453586619',7852601,929299,N'Nhân viên','NV016','PB003');
Insert into U_AD_QLNV.NHANVIEN$ (MANV,TENNV,PHAI,NGAYSINH,DIACHI,SODT,LUONG,PHUCAP,VAITRO,MANQL,PHG) values ('NV158',N'Cù Mỹ Nga',N'Nữ',to_date('02-DEC-90','DD-MON-RR'),N'Quận Bình Thạnh, TP Hồ Chí Minh','1729157154',7607062,756806,N'Nhân viên','NV009','PB003');
Insert into U_AD_QLNV.NHANVIEN$ (MANV,TENNV,PHAI,NGAYSINH,DIACHI,SODT,LUONG,PHUCAP,VAITRO,MANQL,PHG) values ('NV159',N'Ngụy Ngọc Minh',N'Nam',to_date('24-SEP-95','DD-MON-RR'),N'Quận Bình Tân, TP Hồ Chí Minh','1282717381',7488413,649603,N'Nhân viên','NV012','PB004');
Insert into U_AD_QLNV.NHANVIEN$ (MANV,TENNV,PHAI,NGAYSINH,DIACHI,SODT,LUONG,PHUCAP,VAITRO,MANQL,PHG) values ('NV160',N'Cáp Thúy Hà',N'Nữ',to_date('27-MAY-90','DD-MON-RR'),N'Quận Tân Phú, TP Hồ Chí Minh','1928151090',7930471,507700,N'Nhân viên','NV024','PB004');
Insert into U_AD_QLNV.NHANVIEN$ (MANV,TENNV,PHAI,NGAYSINH,DIACHI,SODT,LUONG,PHUCAP,VAITRO,MANQL,PHG) values ('NV161',N'Phó Quốc Việt',N'Nam',to_date('23-AUG-93','DD-MON-RR'),N'Quận 1, TP Hồ Chí Minh','546802260',7029990,872822,N'Nhân viên','NV013','PB007');
Insert into U_AD_QLNV.NHANVIEN$ (MANV,TENNV,PHAI,NGAYSINH,DIACHI,SODT,LUONG,PHUCAP,VAITRO,MANQL,PHG) values ('NV162',N'Ong Nhật Tấn',N'Nam',to_date('04-JUL-97','DD-MON-RR'),N'Quận Gò Vấp, TP Hồ Chí Minh','229377401',7966879,809050,N'Nhân viên','NV009','PB003');
Insert into U_AD_QLNV.NHANVIEN$ (MANV,TENNV,PHAI,NGAYSINH,DIACHI,SODT,LUONG,PHUCAP,VAITRO,MANQL,PHG) values ('NV163',N'Đàm Mai Quyên',N'Nữ',to_date('07-SEP-94','DD-MON-RR'),N'Quận Tân Phú, TP Hồ Chí Minh','73100502',7082870,890070,N'Nhân viên','NV020','PB006');
Insert into U_AD_QLNV.NHANVIEN$ (MANV,TENNV,PHAI,NGAYSINH,DIACHI,SODT,LUONG,PHUCAP,VAITRO,MANQL,PHG) values ('NV164',N'Lâm Huyền Trang',N'Nữ',to_date('10-JUN-96','DD-MON-RR'),N'Quận 1, TP Hồ Chí Minh','84247119',7595065,717287,N'Nhân viên','NV027','PB001');
Insert into U_AD_QLNV.NHANVIEN$ (MANV,TENNV,PHAI,NGAYSINH,DIACHI,SODT,LUONG,PHUCAP,VAITRO,MANQL,PHG) values ('NV165',N'Viêm Thu Hằng',N'Nữ',to_date('09-NOV-97','DD-MON-RR'),N'Quận Tân Phú, TP Hồ Chí Minh','2091073963',7700202,982747,N'Nhân viên','NV016','PB003');
Insert into U_AD_QLNV.NHANVIEN$ (MANV,TENNV,PHAI,NGAYSINH,DIACHI,SODT,LUONG,PHUCAP,VAITRO,MANQL,PHG) values ('NV166',N'Liễu Ngọc Ðiệp',N'Nữ',to_date('21-MAR-96','DD-MON-RR'),N'Quận 1, TP Hồ Chí Minh','1331688192',7426084,534430,N'Nhân viên','NV010','PB007');
Insert into U_AD_QLNV.NHANVIEN$ (MANV,TENNV,PHAI,NGAYSINH,DIACHI,SODT,LUONG,PHUCAP,VAITRO,MANQL,PHG) values ('NV167',N'Cà Phi Hải',N'Nam',to_date('24-APR-96','DD-MON-RR'),N'Quận 1, TP Hồ Chí Minh','640227634',7740319,950583,N'Nhân viên','NV020','PB006');
Insert into U_AD_QLNV.NHANVIEN$ (MANV,TENNV,PHAI,NGAYSINH,DIACHI,SODT,LUONG,PHUCAP,VAITRO,MANQL,PHG) values ('NV168',N'Sử Hiếu Giang',N'Nữ',to_date('10-DEC-90','DD-MON-RR'),N'Quận 8, TP Hồ Chí Minh','322879495',7011762,913807,N'Nhân viên','NV022','PB005');
Insert into U_AD_QLNV.NHANVIEN$ (MANV,TENNV,PHAI,NGAYSINH,DIACHI,SODT,LUONG,PHUCAP,VAITRO,MANQL,PHG) values ('NV169',N'Mâu Cát Cát',N'Nữ',to_date('15-JUN-95','DD-MON-RR'),N'Quận 1, TP Hồ Chí Minh','776292827',7547199,778431,N'Nhân viên','NV014','PB008');
Insert into U_AD_QLNV.NHANVIEN$ (MANV,TENNV,PHAI,NGAYSINH,DIACHI,SODT,LUONG,PHUCAP,VAITRO,MANQL,PHG) values ('NV170',N'Đàm Thu Huệ',N'Nữ',to_date('26-SEP-93','DD-MON-RR'),N'Quận Bình Tân, TP Hồ Chí Minh','1441943808',7459323,963124,N'Nhân viên','NV026','PB005');
Insert into U_AD_QLNV.NHANVIEN$ (MANV,TENNV,PHAI,NGAYSINH,DIACHI,SODT,LUONG,PHUCAP,VAITRO,MANQL,PHG) values ('NV171',N'Tòng Thiếu Mai',N'Nữ',to_date('10-NOV-97','DD-MON-RR'),N'Quận 8, TP Hồ Chí Minh','907721603',7138116,712291,N'Nhân viên','NV010','PB007');
Insert into U_AD_QLNV.NHANVIEN$ (MANV,TENNV,PHAI,NGAYSINH,DIACHI,SODT,LUONG,PHUCAP,VAITRO,MANQL,PHG) values ('NV172',N'Hán Mỹ Thuận',N'Nữ',to_date('05-FEB-96','DD-MON-RR'),N'Quận Tân Phú, TP Hồ Chí Minh','1725129930',7933926,670261,N'Nhân viên','NV010','PB007');
Insert into U_AD_QLNV.NHANVIEN$ (MANV,TENNV,PHAI,NGAYSINH,DIACHI,SODT,LUONG,PHUCAP,VAITRO,MANQL,PHG) values ('NV173',N'Nông Duy Bảo',N'Nam',to_date('18-JAN-92','DD-MON-RR'),N'Quận 1, TP Hồ Chí Minh','683681288',7322581,686977,N'Nhân viên','NV010','PB007');
Insert into U_AD_QLNV.NHANVIEN$ (MANV,TENNV,PHAI,NGAYSINH,DIACHI,SODT,LUONG,PHUCAP,VAITRO,MANQL,PHG) values ('NV174',N'Giàng Ðức Quyền',N'Nam',to_date('07-JUL-95','DD-MON-RR'),N'Quận Gò Vấp, TP Hồ Chí Minh','744390441',7293585,516050,N'Nhân viên','NV016','PB003');
Insert into U_AD_QLNV.NHANVIEN$ (MANV,TENNV,PHAI,NGAYSINH,DIACHI,SODT,LUONG,PHUCAP,VAITRO,MANQL,PHG) values ('NV175',N'Chu Hùng Thịnh',N'Nam',to_date('04-FEB-93','DD-MON-RR'),N'Quận Tân Bình, TP Hồ Chí Minh','1172837918',7753929,797685,N'Nhân viên','NV017','PB001');
Insert into U_AD_QLNV.NHANVIEN$ (MANV,TENNV,PHAI,NGAYSINH,DIACHI,SODT,LUONG,PHUCAP,VAITRO,MANQL,PHG) values ('NV176',N'Liễu Phương Thanh',N'Nữ',to_date('18-OCT-95','DD-MON-RR'),N'Quận Phú Nhuận, TP Hồ Chí Minh','1384177412',7283454,587444,N'Nhân viên','NV020','PB006');
Insert into U_AD_QLNV.NHANVIEN$ (MANV,TENNV,PHAI,NGAYSINH,DIACHI,SODT,LUONG,PHUCAP,VAITRO,MANQL,PHG) values ('NV177',N'Cổ Dạ Lan',N'Nữ',to_date('15-JUN-91','DD-MON-RR'),N'Quận Tân Phú, TP Hồ Chí Minh','1698516559',7774920,702381,N'Nhân viên','NV013','PB007');
Insert into U_AD_QLNV.NHANVIEN$ (MANV,TENNV,PHAI,NGAYSINH,DIACHI,SODT,LUONG,PHUCAP,VAITRO,MANQL,PHG) values ('NV178',N'Trang Phước Nguyên',N'Nam',to_date('16-FEB-96','DD-MON-RR'),N'Quận Gò Vấp, TP Hồ Chí Minh','2085947706',7953869,824176,N'Nhân viên','NV019','PB003');
Insert into U_AD_QLNV.NHANVIEN$ (MANV,TENNV,PHAI,NGAYSINH,DIACHI,SODT,LUONG,PHUCAP,VAITRO,MANQL,PHG) values ('NV179',N'Bạch Nguyết Ánh',N'Nữ',to_date('17-JAN-93','DD-MON-RR'),N'Quận 8, TP Hồ Chí Minh','1120491756',7949549,922898,N'Nhân viên','NV024','PB004');
Insert into U_AD_QLNV.NHANVIEN$ (MANV,TENNV,PHAI,NGAYSINH,DIACHI,SODT,LUONG,PHUCAP,VAITRO,MANQL,PHG) values ('NV180',N'Trà Nguyên Hạnh',N'Nam',to_date('26-OCT-93','DD-MON-RR'),N'Quận Tân Phú, TP Hồ Chí Minh','1583676108',7071189,659527,N'Nhân viên','NV026','PB005');
Insert into U_AD_QLNV.NHANVIEN$ (MANV,TENNV,PHAI,NGAYSINH,DIACHI,SODT,LUONG,PHUCAP,VAITRO,MANQL,PHG) values ('NV181',N'Mẫn Thu Oanh',N'Nữ',to_date('05-SEP-90','DD-MON-RR'),N'Quận 2, TP Hồ Chí Minh','852696185',7632091,964042,N'Nhân viên','NV017','PB001');
Insert into U_AD_QLNV.NHANVIEN$ (MANV,TENNV,PHAI,NGAYSINH,DIACHI,SODT,LUONG,PHUCAP,VAITRO,MANQL,PHG) values ('NV182',N'La Huy Anh',N'Nam',to_date('04-JAN-97','DD-MON-RR'),N'Quận 8, TP Hồ Chí Minh','154227074',7293608,700546,N'Nhân viên','NV028','PB008');
Insert into U_AD_QLNV.NHANVIEN$ (MANV,TENNV,PHAI,NGAYSINH,DIACHI,SODT,LUONG,PHUCAP,VAITRO,MANQL,PHG) values ('NV183',N'Lỗ Việt Dũng',N'Nam',to_date('08-FEB-96','DD-MON-RR'),N'Quận Bình Tân, TP Hồ Chí Minh','262274482',7859231,556912,N'Nhân viên','NV023','PB006');
Insert into U_AD_QLNV.NHANVIEN$ (MANV,TENNV,PHAI,NGAYSINH,DIACHI,SODT,LUONG,PHUCAP,VAITRO,MANQL,PHG) values ('NV184',N'Thịnh Xuân Nam',N'Nam',to_date('08-MAR-90','DD-MON-RR'),N'Quận 2, TP Hồ Chí Minh','1488524078',7509598,963833,N'Nhân viên','NV024','PB004');
Insert into U_AD_QLNV.NHANVIEN$ (MANV,TENNV,PHAI,NGAYSINH,DIACHI,SODT,LUONG,PHUCAP,VAITRO,MANQL,PHG) values ('NV185',N'Giáp Xuân Uyên',N'Nữ',to_date('11-SEP-97','DD-MON-RR'),N'Quận Gò Vấp, TP Hồ Chí Minh','1472005384',7044521,592213,N'Nhân viên','NV013','PB007');
Insert into U_AD_QLNV.NHANVIEN$ (MANV,TENNV,PHAI,NGAYSINH,DIACHI,SODT,LUONG,PHUCAP,VAITRO,MANQL,PHG) values ('NV186',N'Lò Tiến Hiệp',N'Nam',to_date('12-AUG-92','DD-MON-RR'),N'Quận Bình Tân, TP Hồ Chí Minh','1345071656',7376808,909301,N'Nhân viên','NV016','PB003');
Insert into U_AD_QLNV.NHANVIEN$ (MANV,TENNV,PHAI,NGAYSINH,DIACHI,SODT,LUONG,PHUCAP,VAITRO,MANQL,PHG) values ('NV187',N'Phạm Vinh Quốc',N'Nam',to_date('05-APR-93','DD-MON-RR'),N'Quận Bình Tân, TP Hồ Chí Minh','1213355155',7542120,705769,N'Nhân viên','NV017','PB001');
Insert into U_AD_QLNV.NHANVIEN$ (MANV,TENNV,PHAI,NGAYSINH,DIACHI,SODT,LUONG,PHUCAP,VAITRO,MANQL,PHG) values ('NV188',N'Tô Phương Hoa',N'Nữ',to_date('04-OCT-92','DD-MON-RR'),N'Quận Bình Thạnh, TP Hồ Chí Minh','152816402',7725364,534579,N'Nhân viên','NV012','PB004');
Insert into U_AD_QLNV.NHANVIEN$ (MANV,TENNV,PHAI,NGAYSINH,DIACHI,SODT,LUONG,PHUCAP,VAITRO,MANQL,PHG) values ('NV189',N'Đới Minh Triệu',N'Nam',to_date('24-MAR-96','DD-MON-RR'),N'Quận 1, TP Hồ Chí Minh','1594070580',7241635,837519,N'Nhân viên','NV012','PB004');
Insert into U_AD_QLNV.NHANVIEN$ (MANV,TENNV,PHAI,NGAYSINH,DIACHI,SODT,LUONG,PHUCAP,VAITRO,MANQL,PHG) values ('NV190',N'Lyly Gia Lập',N'Nam',to_date('15-OCT-94','DD-MON-RR'),N'Quận 2, TP Hồ Chí Minh','859808323',7815574,781150,N'Nhân viên','NV011','PB005');
Insert into U_AD_QLNV.NHANVIEN$ (MANV,TENNV,PHAI,NGAYSINH,DIACHI,SODT,LUONG,PHUCAP,VAITRO,MANQL,PHG) values ('NV191',N'Chung Duy An',N'Nam',to_date('02-AUG-94','DD-MON-RR'),N'Quận Gò Vấp, TP Hồ Chí Minh','1188353958',7714166,585411,N'Nhân viên','NV026','PB005');
Insert into U_AD_QLNV.NHANVIEN$ (MANV,TENNV,PHAI,NGAYSINH,DIACHI,SODT,LUONG,PHUCAP,VAITRO,MANQL,PHG) values ('NV192',N'Quản Phương Thảo',N'Nữ',to_date('04-AUG-93','DD-MON-RR'),N'Quận 1, TP Hồ Chí Minh','1249458254',7095987,820611,N'Nhân viên','NV010','PB007');
Insert into U_AD_QLNV.NHANVIEN$ (MANV,TENNV,PHAI,NGAYSINH,DIACHI,SODT,LUONG,PHUCAP,VAITRO,MANQL,PHG) values ('NV193',N'Sơn Minh Tâm',N'Nữ',to_date('08-MAR-97','DD-MON-RR'),N'Quận 2, TP Hồ Chí Minh','985893428',7799022,706321,N'Nhân viên','NV026','PB005');
Insert into U_AD_QLNV.NHANVIEN$ (MANV,TENNV,PHAI,NGAYSINH,DIACHI,SODT,LUONG,PHUCAP,VAITRO,MANQL,PHG) values ('NV194',N'Lý Trường Giang',N'Nam',to_date('01-DEC-91','DD-MON-RR'),N'Quận 1, TP Hồ Chí Minh','672591683',7444373,597061,N'Nhân viên','NV016','PB003');
Insert into U_AD_QLNV.NHANVIEN$ (MANV,TENNV,PHAI,NGAYSINH,DIACHI,SODT,LUONG,PHUCAP,VAITRO,MANQL,PHG) values ('NV195',N'Hà Mạnh Tuấn',N'Nam',to_date('20-MAY-91','DD-MON-RR'),N'Quận 1, TP Hồ Chí Minh','397365190',7275368,839331,N'Nhân viên','NV014','PB008');
Insert into U_AD_QLNV.NHANVIEN$ (MANV,TENNV,PHAI,NGAYSINH,DIACHI,SODT,LUONG,PHUCAP,VAITRO,MANQL,PHG) values ('NV196',N'Lăng Thái Sơn',N'Nam',to_date('04-NOV-94','DD-MON-RR'),N'Quận Bình Tân, TP Hồ Chí Minh','1426168823',7696084,512651,N'Nhân viên','NV027','PB001');
Insert into U_AD_QLNV.NHANVIEN$ (MANV,TENNV,PHAI,NGAYSINH,DIACHI,SODT,LUONG,PHUCAP,VAITRO,MANQL,PHG) values ('NV197',N'Thịnh Minh Ân',N'Nam',to_date('19-JUL-93','DD-MON-RR'),N'Quận Gò Vấp, TP Hồ Chí Minh','1687875992',7725137,573043,N'Nhân viên','NV026','PB005');
Insert into U_AD_QLNV.NHANVIEN$ (MANV,TENNV,PHAI,NGAYSINH,DIACHI,SODT,LUONG,PHUCAP,VAITRO,MANQL,PHG) values ('NV198',N'Nhan Phương Mai',N'Nữ',to_date('14-NOV-97','DD-MON-RR'),N'Quận 1, TP Hồ Chí Minh','1995403362',7396995,595037,N'Nhân viên','NV024','PB004');
Insert into U_AD_QLNV.NHANVIEN$ (MANV,TENNV,PHAI,NGAYSINH,DIACHI,SODT,LUONG,PHUCAP,VAITRO,MANQL,PHG) values ('NV199',N'Liêu Xuân Huy',N'Nam',to_date('09-DEC-96','DD-MON-RR'),N'Quận Phú Nhuận, TP Hồ Chí Minh','1605315345',7332118,862528,N'Nhân viên','NV021','PB002');
Insert into U_AD_QLNV.NHANVIEN$ (MANV,TENNV,PHAI,NGAYSINH,DIACHI,SODT,LUONG,PHUCAP,VAITRO,MANQL,PHG) values ('NV200',N'Chriêng Thế Phúc',N'Nam',to_date('26-DEC-92','DD-MON-RR'),N'Quận Tân Bình, TP Hồ Chí Minh','1616159487',7543240,982308,N'Nhân viên','NV010','PB007');
Insert into U_AD_QLNV.NHANVIEN$ (MANV,TENNV,PHAI,NGAYSINH,DIACHI,SODT,LUONG,PHUCAP,VAITRO,MANQL,PHG) values ('NV201',N'Văn Linh Châu',N'Nữ',to_date('25-JAN-93','DD-MON-RR'),N'Quận 1, TP Hồ Chí Minh','1322050326',7677959,574959,N'Nhân viên','NV009','PB003');
Insert into U_AD_QLNV.NHANVIEN$ (MANV,TENNV,PHAI,NGAYSINH,DIACHI,SODT,LUONG,PHUCAP,VAITRO,MANQL,PHG) values ('NV202',N'Vi Gia Lập',N'Nam',to_date('01-FEB-90','DD-MON-RR'),N'Quận 2, TP Hồ Chí Minh','1716208900',7649341,776816,N'Nhân viên','NV014','PB008');
Insert into U_AD_QLNV.NHANVIEN$ (MANV,TENNV,PHAI,NGAYSINH,DIACHI,SODT,LUONG,PHUCAP,VAITRO,MANQL,PHG) values ('NV203',N'Vưu Xuân Huy',N'Nam',to_date('08-JUN-96','DD-MON-RR'),N'Quận 8, TP Hồ Chí Minh','2082457559',7874699,717880,N'Nhân viên','NV026','PB005');
Insert into U_AD_QLNV.NHANVIEN$ (MANV,TENNV,PHAI,NGAYSINH,DIACHI,SODT,LUONG,PHUCAP,VAITRO,MANQL,PHG) values ('NV204',N'Sái Mai Anh',N'Nữ',to_date('21-JUN-94','DD-MON-RR'),N'Quận Phú Nhuận, TP Hồ Chí Minh','488031934',7159832,508213,N'Nhân viên','NV020','PB006');
Insert into U_AD_QLNV.NHANVIEN$ (MANV,TENNV,PHAI,NGAYSINH,DIACHI,SODT,LUONG,PHUCAP,VAITRO,MANQL,PHG) values ('NV205',N'Khương Vân Thường',N'Nữ',to_date('14-SEP-92','DD-MON-RR'),N'Quận Bình Tân, TP Hồ Chí Minh','765052906',7226109,898133,N'Nhân viên','NV028','PB008');
Insert into U_AD_QLNV.NHANVIEN$ (MANV,TENNV,PHAI,NGAYSINH,DIACHI,SODT,LUONG,PHUCAP,VAITRO,MANQL,PHG) values ('NV206',N'Phi Diễm Phượng',N'Nữ',to_date('26-OCT-97','DD-MON-RR'),N'Quận 8, TP Hồ Chí Minh','1320827730',7388476,960423,N'Nhân viên','NV027','PB001');
Insert into U_AD_QLNV.NHANVIEN$ (MANV,TENNV,PHAI,NGAYSINH,DIACHI,SODT,LUONG,PHUCAP,VAITRO,MANQL,PHG) values ('NV207',N'Linh Vĩnh Luân',N'Nam',to_date('07-NOV-91','DD-MON-RR'),N'Quận 8, TP Hồ Chí Minh','696227267',7514319,513464,N'Nhân viên','NV016','PB003');
Insert into U_AD_QLNV.NHANVIEN$ (MANV,TENNV,PHAI,NGAYSINH,DIACHI,SODT,LUONG,PHUCAP,VAITRO,MANQL,PHG) values ('NV208',N'Giàng Chí Sơn',N'Nam',to_date('22-MAY-91','DD-MON-RR'),N'Quận Tân Bình, TP Hồ Chí Minh','1461172169',7184339,982696,N'Nhân viên','NV015','PB003');
Insert into U_AD_QLNV.NHANVIEN$ (MANV,TENNV,PHAI,NGAYSINH,DIACHI,SODT,LUONG,PHUCAP,VAITRO,MANQL,PHG) values ('NV209',N'Phong Tú Sương',N'Nữ',to_date('21-MAY-93','DD-MON-RR'),N'Quận Tân Bình, TP Hồ Chí Minh','168438843',7408416,747638,N'Nhân viên','NV019','PB003');
Insert into U_AD_QLNV.NHANVIEN$ (MANV,TENNV,PHAI,NGAYSINH,DIACHI,SODT,LUONG,PHUCAP,VAITRO,MANQL,PHG) values ('NV210',N'Ca Tuyết Trinh',N'Nữ',to_date('27-JAN-90','DD-MON-RR'),N'Quận 8, TP Hồ Chí Minh','2145323366',7734375,881119,N'Nhân viên','NV015','PB003');
Insert into U_AD_QLNV.NHANVIEN$ (MANV,TENNV,PHAI,NGAYSINH,DIACHI,SODT,LUONG,PHUCAP,VAITRO,MANQL,PHG) values ('NV211',N'Hi Hữu Canh',N'Nam',to_date('24-OCT-95','DD-MON-RR'),N'Quận Tân Bình, TP Hồ Chí Minh','1619939864',7140710,909438,N'Nhân viên','NV020','PB006');
Insert into U_AD_QLNV.NHANVIEN$ (MANV,TENNV,PHAI,NGAYSINH,DIACHI,SODT,LUONG,PHUCAP,VAITRO,MANQL,PHG) values ('NV212',N'Trưng Hữu Trác',N'Nam',to_date('14-MAR-90','DD-MON-RR'),N'Quận Tân Bình, TP Hồ Chí Minh','655548362',7964987,607235,N'Nhân viên','NV012','PB004');
Insert into U_AD_QLNV.NHANVIEN$ (MANV,TENNV,PHAI,NGAYSINH,DIACHI,SODT,LUONG,PHUCAP,VAITRO,MANQL,PHG) values ('NV213',N'Phùng Huy Khánh',N'Nam',to_date('11-DEC-91','DD-MON-RR'),N'Quận Tân Phú, TP Hồ Chí Minh','57537152',7403641,813773,N'Nhân viên','NV026','PB005');
Insert into U_AD_QLNV.NHANVIEN$ (MANV,TENNV,PHAI,NGAYSINH,DIACHI,SODT,LUONG,PHUCAP,VAITRO,MANQL,PHG) values ('NV214',N'Tề Tuyết Hân',N'Nữ',to_date('06-OCT-93','DD-MON-RR'),N'Quận Tân Bình, TP Hồ Chí Minh','1679312426',7997179,720047,N'Nhân viên','NV011','PB005');
Insert into U_AD_QLNV.NHANVIEN$ (MANV,TENNV,PHAI,NGAYSINH,DIACHI,SODT,LUONG,PHUCAP,VAITRO,MANQL,PHG) values ('NV215',N'Phạm Trúc Vân',N'Nữ',to_date('24-JAN-96','DD-MON-RR'),N'Quận Gò Vấp, TP Hồ Chí Minh','128068311',7133843,942193,N'Nhân viên','NV017','PB001');
Insert into U_AD_QLNV.NHANVIEN$ (MANV,TENNV,PHAI,NGAYSINH,DIACHI,SODT,LUONG,PHUCAP,VAITRO,MANQL,PHG) values ('NV216',N'Tôn Thất Kim SNa','Nữ',to_date('01-APR-91','DD-MON-RR'),N'Quận 1, TP Hồ Chí Minh','388025274',7208031,767546,N'Nhân viên','NV017','PB001');
Insert into U_AD_QLNV.NHANVIEN$ (MANV,TENNV,PHAI,NGAYSINH,DIACHI,SODT,LUONG,PHUCAP,VAITRO,MANQL,PHG) values ('NV217',N'Ngọc Kim Thông',N'Nam',to_date('07-AUG-97','DD-MON-RR'),N'Quận Tân Phú, TP Hồ Chí Minh','1383248295',7906245,798059,N'Nhân viên','NV016','PB003');
Insert into U_AD_QLNV.NHANVIEN$ (MANV,TENNV,PHAI,NGAYSINH,DIACHI,SODT,LUONG,PHUCAP,VAITRO,MANQL,PHG) values ('NV218',N'Ông Thiên Tuyền',N'Nữ',to_date('23-DEC-95','DD-MON-RR'),N'Quận Bình Tân, TP Hồ Chí Minh','1215929749',7192413,542442,N'Nhân viên','NV019','PB003');
Insert into U_AD_QLNV.NHANVIEN$ (MANV,TENNV,PHAI,NGAYSINH,DIACHI,SODT,LUONG,PHUCAP,VAITRO,MANQL,PHG) values ('NV219',N'Châu Minh Hồng',N'Nữ',to_date('01-DEC-97','DD-MON-RR'),N'Quận 8, TP Hồ Chí Minh','1262255207',7860335,782851,N'Nhân viên','NV010','PB007');
Insert into U_AD_QLNV.NHANVIEN$ (MANV,TENNV,PHAI,NGAYSINH,DIACHI,SODT,LUONG,PHUCAP,VAITRO,MANQL,PHG) values ('NV220',N'Ông Ðức Chính',N'Nam',to_date('11-APR-91','DD-MON-RR'),N'Quận Phú Nhuận, TP Hồ Chí Minh','1462019770',7140391,552961,N'Nhân viên','NV019','PB003');
Insert into U_AD_QLNV.NHANVIEN$ (MANV,TENNV,PHAI,NGAYSINH,DIACHI,SODT,LUONG,PHUCAP,VAITRO,MANQL,PHG) values ('NV221',N'Đới Quốc Huy',N'Nam',to_date('06-FEB-93','DD-MON-RR'),N'Quận Bình Tân, TP Hồ Chí Minh','1403790518',7698099,681627,N'Nhân viên','NV027','PB001');
Insert into U_AD_QLNV.NHANVIEN$ (MANV,TENNV,PHAI,NGAYSINH,DIACHI,SODT,LUONG,PHUCAP,VAITRO,MANQL,PHG) values ('NV222',N'Trác Mộng Vy',N'Nữ',to_date('05-JUN-92','DD-MON-RR'),N'Quận 2, TP Hồ Chí Minh','2015557060',7122345,751907,N'Nhân viên','NV019','PB003');
Insert into U_AD_QLNV.NHANVIEN$ (MANV,TENNV,PHAI,NGAYSINH,DIACHI,SODT,LUONG,PHUCAP,VAITRO,MANQL,PHG) values ('NV223',N'Triệu Diệu Hạnh',N'Nữ',to_date('11-MAR-95','DD-MON-RR'),N'Quận Bình Tân, TP Hồ Chí Minh','1437889913',7096522,795136,N'Nhân viên','NV016','PB003');
Insert into U_AD_QLNV.NHANVIEN$ (MANV,TENNV,PHAI,NGAYSINH,DIACHI,SODT,LUONG,PHUCAP,VAITRO,MANQL,PHG) values ('NV224',N'Tiêu Ðức Minh',N'Nam',to_date('07-MAY-94','DD-MON-RR'),N'Quận 8, TP Hồ Chí Minh','213890952',7867991,940034,N'Nhân viên','NV021','PB002');
Insert into U_AD_QLNV.NHANVIEN$ (MANV,TENNV,PHAI,NGAYSINH,DIACHI,SODT,LUONG,PHUCAP,VAITRO,MANQL,PHG) values ('NV225',N'Tông Đăng Khương',N'Nam',to_date('08-OCT-96','DD-MON-RR'),N'Quận 8, TP Hồ Chí Minh','2118644312',7589491,981977,N'Nhân viên','NV009','PB003');
Insert into U_AD_QLNV.NHANVIEN$ (MANV,TENNV,PHAI,NGAYSINH,DIACHI,SODT,LUONG,PHUCAP,VAITRO,MANQL,PHG) values ('NV226',N'Ngạc Lan Chi',N'Nữ',to_date('27-MAR-90','DD-MON-RR'),N'Quận Tân Phú, TP Hồ Chí Minh','2010622837',7521402,719446,N'Nhân viên','NV027','PB001');
Insert into U_AD_QLNV.NHANVIEN$ (MANV,TENNV,PHAI,NGAYSINH,DIACHI,SODT,LUONG,PHUCAP,VAITRO,MANQL,PHG) values ('NV001',N'Thập Vĩnh Hưng',N'Nam',to_date('06-JUN-91','DD-MON-RR'),N'Quận 1, TP Hồ Chí Minh','1922217764',10434585,1508781,N'Trưởng phòng',null,'PB001');
Insert into U_AD_QLNV.NHANVIEN$ (MANV,TENNV,PHAI,NGAYSINH,DIACHI,SODT,LUONG,PHUCAP,VAITRO,MANQL,PHG) values ('NV002',N'Lê Thuận Toàn',N'Nam',to_date('23-FEB-92','DD-MON-RR'),N'Quận Tân Bình, TP Hồ Chí Minh','209453756',10278402,1792288,N'Trưởng phòng',null,'PB002');
Insert into U_AD_QLNV.NHANVIEN$ (MANV,TENNV,PHAI,NGAYSINH,DIACHI,SODT,LUONG,PHUCAP,VAITRO,MANQL,PHG) values ('NV003',N'Tuấn Uyển Nhã',N'Nữ',to_date('26-NOV-94','DD-MON-RR'),N'Quận Bình Thạnh, TP Hồ Chí Minh','1262751051',10476366,1623427,N'Trưởng phòng',null,'PB003');
Insert into U_AD_QLNV.NHANVIEN$ (MANV,TENNV,PHAI,NGAYSINH,DIACHI,SODT,LUONG,PHUCAP,VAITRO,MANQL,PHG) values ('NV004',N'Kiều Bá Long',N'Nam',to_date('13-NOV-92','DD-MON-RR'),N'Quận Bình Thạnh, TP Hồ Chí Minh','1941330166',10227748,1718364,N'Trưởng phòng',null,'PB004');
Insert into U_AD_QLNV.NHANVIEN$ (MANV,TENNV,PHAI,NGAYSINH,DIACHI,SODT,LUONG,PHUCAP,VAITRO,MANQL,PHG) values ('NV005',N'Đồ Kiến Ðức',N'Nam',to_date('01-MAR-95','DD-MON-RR'),N'Quận 1, TP Hồ Chí Minh','145183749',10491626,1726431,N'Trưởng phòng',null,'PB005');
Insert into U_AD_QLNV.NHANVIEN$ (MANV,TENNV,PHAI,NGAYSINH,DIACHI,SODT,LUONG,PHUCAP,VAITRO,MANQL,PHG) values ('NV006',N'Quán Nam Việt',N'Nam',to_date('25-MAY-97','DD-MON-RR'),N'Quận Bình Thạnh, TP Hồ Chí Minh','673257719',10514591,1903347,N'Trưởng phòng',null,'PB006');
Insert into U_AD_QLNV.NHANVIEN$ (MANV,TENNV,PHAI,NGAYSINH,DIACHI,SODT,LUONG,PHUCAP,VAITRO,MANQL,PHG) values ('NV007',N'Đăng Yến Phượng',N'Nữ',to_date('20-FEB-92','DD-MON-RR'),N'Quận 8, TP Hồ Chí Minh','2103955445',10980193,1549970,N'Trưởng phòng',null,'PB007');
Insert into U_AD_QLNV.NHANVIEN$ (MANV,TENNV,PHAI,NGAYSINH,DIACHI,SODT,LUONG,PHUCAP,VAITRO,MANQL,PHG) values ('NV008',N'Cái Thiên Lan',N'Nữ',to_date('14-MAR-95','DD-MON-RR'),N'Quận 2, TP Hồ Chí Minh','317202535',10505466,1581652,N'Trưởng phòng',null,'PB008');
Insert into U_AD_QLNV.NHANVIEN$ (MANV,TENNV,PHAI,NGAYSINH,DIACHI,SODT,LUONG,PHUCAP,VAITRO,MANQL,PHG) values ('NV009',N'Ma Diệu Hiền',N'Nữ',to_date('24-DEC-92','DD-MON-RR'),N'Quận 2, TP Hồ Chí Minh','1447129722',8491553,872250,'QL trực tiếp',null,'PB003');
Insert into U_AD_QLNV.NHANVIEN$ (MANV,TENNV,PHAI,NGAYSINH,DIACHI,SODT,LUONG,PHUCAP,VAITRO,MANQL,PHG) values ('NV010',N'Nguyễn Trung Trực',N'Nam',to_date('07-MAR-95','DD-MON-RR'),N'Quận 2, TP Hồ Chí Minh','346416123',8489514,821549,'QL trực tiếp',null,'PB007');
Insert into U_AD_QLNV.NHANVIEN$ (MANV,TENNV,PHAI,NGAYSINH,DIACHI,SODT,LUONG,PHUCAP,VAITRO,MANQL,PHG) values ('NV011',N'Sử Ðức Tuấn',N'Nam',to_date('21-OCT-93','DD-MON-RR'),N'Quận Phú Nhuận, TP Hồ Chí Minh','2035826900',8097327,1115928,'QL trực tiếp',null,'PB005');
Insert into U_AD_QLNV.NHANVIEN$ (MANV,TENNV,PHAI,NGAYSINH,DIACHI,SODT,LUONG,PHUCAP,VAITRO,MANQL,PHG) values ('NV012',N'Nghị Nghi Dung',N'Nữ',to_date('19-FEB-92','DD-MON-RR'),N'Quận 8, TP Hồ Chí Minh','490238461',8190984,1082185,'QL trực tiếp',null,'PB004');
Insert into U_AD_QLNV.NHANVIEN$ (MANV,TENNV,PHAI,NGAYSINH,DIACHI,SODT,LUONG,PHUCAP,VAITRO,MANQL,PHG) values ('NV013',N'Thoa Trung Nhân',N'Nam',to_date('26-NOV-97','DD-MON-RR'),N'Quận Bình Tân, TP Hồ Chí Minh','2012442846',8300567,845193,'QL trực tiếp',null,'PB007');
Insert into U_AD_QLNV.NHANVIEN$ (MANV,TENNV,PHAI,NGAYSINH,DIACHI,SODT,LUONG,PHUCAP,VAITRO,MANQL,PHG) values ('NV014',N'Mang Gia Bảo',N'Nam',to_date('03-OCT-97','DD-MON-RR'),N'Quận Phú Nhuận, TP Hồ Chí Minh','1085600344',8570378,899387,'QL trực tiếp',null,'PB008');
Insert into U_AD_QLNV.NHANVIEN$ (MANV,TENNV,PHAI,NGAYSINH,DIACHI,SODT,LUONG,PHUCAP,VAITRO,MANQL,PHG) values ('NV015',N'Bì Ðức Bằng',N'Nam',to_date('25-JAN-93','DD-MON-RR'),N'Quận Phú Nhuận, TP Hồ Chí Minh','1422002933',8381117,870551,'QL trực tiếp',null,'PB003');
Insert into U_AD_QLNV.NHANVIEN$ (MANV,TENNV,PHAI,NGAYSINH,DIACHI,SODT,LUONG,PHUCAP,VAITRO,MANQL,PHG) values ('NV016',N'Vưu Xuân Nam',N'Nam',to_date('23-DEC-94','DD-MON-RR'),N'Quận 1, TP Hồ Chí Minh','977529643',8564800,826959,'QL trực tiếp',null,'PB003');
Insert into U_AD_QLNV.NHANVIEN$ (MANV,TENNV,PHAI,NGAYSINH,DIACHI,SODT,LUONG,PHUCAP,VAITRO,MANQL,PHG) values ('NV017',N'Xa Yến Mai',N'Nữ',to_date('04-AUG-91','DD-MON-RR'),N'Quận 2, TP Hồ Chí Minh','1879858357',8125064,918749,'QL trực tiếp',null,'PB001');
Insert into U_AD_QLNV.NHANVIEN$ (MANV,TENNV,PHAI,NGAYSINH,DIACHI,SODT,LUONG,PHUCAP,VAITRO,MANQL,PHG) values ('NV018',N'Lường Huy Khánh',N'Nam',to_date('18-AUG-96','DD-MON-RR'),N'Quận Tân Phú, TP Hồ Chí Minh','2007752065',8071729,1182691,'QL trực tiếp',null,'PB007');
Insert into U_AD_QLNV.NHANVIEN$ (MANV,TENNV,PHAI,NGAYSINH,DIACHI,SODT,LUONG,PHUCAP,VAITRO,MANQL,PHG) values ('NV019',N'Anh Duy Thành',N'Nam',to_date('09-MAR-91','DD-MON-RR'),N'Quận Bình Tân, TP Hồ Chí Minh','1183905778',8302978,986220,'QL trực tiếp',null,'PB003');
Insert into U_AD_QLNV.NHANVIEN$ (MANV,TENNV,PHAI,NGAYSINH,DIACHI,SODT,LUONG,PHUCAP,VAITRO,MANQL,PHG) values ('NV020',N'Đổng Phước Nguyên',N'Nam',to_date('16-AUG-95','DD-MON-RR'),N'Quận 1, TP Hồ Chí Minh','938675969',8848853,1160604,'QL trực tiếp',null,'PB006');
Insert into U_AD_QLNV.NHANVIEN$ (MANV,TENNV,PHAI,NGAYSINH,DIACHI,SODT,LUONG,PHUCAP,VAITRO,MANQL,PHG) values ('NV021',N'Tuấn Bích Hảo',N'Nữ',to_date('21-JUN-90','DD-MON-RR'),N'Quận Gò Vấp, TP Hồ Chí Minh','948883390',8460196,801595,'QL trực tiếp',null,'PB002');
Insert into U_AD_QLNV.NHANVIEN$ (MANV,TENNV,PHAI,NGAYSINH,DIACHI,SODT,LUONG,PHUCAP,VAITRO,MANQL,PHG) values ('NV022',N'Nông Quốc Vinh',N'Nam',to_date('22-DEC-94','DD-MON-RR'),N'Quận Phú Nhuận, TP Hồ Chí Minh','1343438060',8370049,879562,'QL trực tiếp',null,'PB005');
Insert into U_AD_QLNV.NHANVIEN$ (MANV,TENNV,PHAI,NGAYSINH,DIACHI,SODT,LUONG,PHUCAP,VAITRO,MANQL,PHG) values ('NV023',N'Ngụy Trúc Loan',N'Nữ',to_date('21-NOV-94','DD-MON-RR'),N'Quận Tân Phú, TP Hồ Chí Minh','753242418',8089329,1003172,'QL trực tiếp',null,'PB006');
Insert into U_AD_QLNV.NHANVIEN$ (MANV,TENNV,PHAI,NGAYSINH,DIACHI,SODT,LUONG,PHUCAP,VAITRO,MANQL,PHG) values ('NV024',N'Đèo Diệu Hoa',N'Nữ',to_date('27-AUG-92','DD-MON-RR'),N'Quận Gò Vấp, TP Hồ Chí Minh','1474048865',8224794,1172511,'QL trực tiếp',null,'PB004');
Insert into U_AD_QLNV.NHANVIEN$ (MANV,TENNV,PHAI,NGAYSINH,DIACHI,SODT,LUONG,PHUCAP,VAITRO,MANQL,PHG) values ('NV025',N'Cảnh Quang Danh',N'Nam',to_date('08-MAY-92','DD-MON-RR'),N'Quận 1, TP Hồ Chí Minh','614766648',8236876,1134082,'QL trực tiếp',null,'PB005');
Insert into U_AD_QLNV.NHANVIEN$ (MANV,TENNV,PHAI,NGAYSINH,DIACHI,SODT,LUONG,PHUCAP,VAITRO,MANQL,PHG) values ('NV026',N'Liên Mỹ Phụng',N'Nữ',to_date('06-MAY-91','DD-MON-RR'),N'Quận Gò Vấp, TP Hồ Chí Minh','1107810676',8251071,1072442,'QL trực tiếp',null,'PB005');
Insert into U_AD_QLNV.NHANVIEN$ (MANV,TENNV,PHAI,NGAYSINH,DIACHI,SODT,LUONG,PHUCAP,VAITRO,MANQL,PHG) values ('NV027',N'Lạc Kim Thoa',N'Nữ',to_date('15-MAR-90','DD-MON-RR'),N'Quận 1, TP Hồ Chí Minh','188191463',8550085,1017073,'QL trực tiếp',null,'PB001');
Insert into U_AD_QLNV.NHANVIEN$ (MANV,TENNV,PHAI,NGAYSINH,DIACHI,SODT,LUONG,PHUCAP,VAITRO,MANQL,PHG) values ('NV028',N'Trà Khánh Ly',N'Nữ',to_date('03-APR-95','DD-MON-RR'),N'Quận 8, TP Hồ Chí Minh','1430792932',8006638,933453,'QL trực tiếp',null,'PB008');
Insert into U_AD_QLNV.NHANVIEN$ (MANV,TENNV,PHAI,NGAYSINH,DIACHI,SODT,LUONG,PHUCAP,VAITRO,MANQL,PHG) values ('NV029',N'Đức Mạnh Trường',N'Nam',to_date('09-JUL-95','DD-MON-RR'),N'Quận Tân Bình, TP Hồ Chí Minh','1758680686',7278796,702431,N'Nhân viên','NV010','PB007');
Insert into U_AD_QLNV.NHANVIEN$ (MANV,TENNV,PHAI,NGAYSINH,DIACHI,SODT,LUONG,PHUCAP,VAITRO,MANQL,PHG) values ('NV030',N'Đoàn Thanh Xuân',N'Nữ',to_date('18-NOV-91','DD-MON-RR'),N'Quận Tân Bình, TP Hồ Chí Minh','1964801505',7247135,780937,N'Nhân viên','NV026','PB005');
Insert into U_AD_QLNV.NHANVIEN$ (MANV,TENNV,PHAI,NGAYSINH,DIACHI,SODT,LUONG,PHUCAP,VAITRO,MANQL,PHG) values ('NV031',N'Hồng Hoàng Nam',N'Nam',to_date('26-JAN-96','DD-MON-RR'),N'Quận Tân Phú, TP Hồ Chí Minh','1605773221',7507505,802906,N'Nhân viên','NV022','PB005');
Insert into U_AD_QLNV.NHANVIEN$ (MANV,TENNV,PHAI,NGAYSINH,DIACHI,SODT,LUONG,PHUCAP,VAITRO,MANQL,PHG) values ('NV032',N'Lò Phương Liên',N'Nữ',to_date('14-FEB-97','DD-MON-RR'),N'Quận Phú Nhuận, TP Hồ Chí Minh','1122479694',7674815,554160,N'Nhân viên','NV012','PB004');
Insert into U_AD_QLNV.NHANVIEN$ (MANV,TENNV,PHAI,NGAYSINH,DIACHI,SODT,LUONG,PHUCAP,VAITRO,MANQL,PHG) values ('NV033',N'La Khải Hòa',N'Nam',to_date('17-JUL-95','DD-MON-RR'),N'Quận 8, TP Hồ Chí Minh','867578302',7302706,908334,N'Nhân viên','NV022','PB005');
Insert into U_AD_QLNV.NHANVIEN$ (MANV,TENNV,PHAI,NGAYSINH,DIACHI,SODT,LUONG,PHUCAP,VAITRO,MANQL,PHG) values ('NV034',N'La Minh Anh',N'Nam',to_date('04-OCT-92','DD-MON-RR'),N'Quận Bình Thạnh, TP Hồ Chí Minh','64014499',7066126,885149,N'Nhân viên','NV010','PB007');
Insert into U_AD_QLNV.NHANVIEN$ (MANV,TENNV,PHAI,NGAYSINH,DIACHI,SODT,LUONG,PHUCAP,VAITRO,MANQL,PHG) values ('NV035',N'Thôi Thy Oanh',N'Nữ',to_date('22-JUN-95','DD-MON-RR'),N'Quận 2, TP Hồ Chí Minh','19853830',7193114,602290,N'Nhân viên','NV028','PB008');
Insert into U_AD_QLNV.NHANVIEN$ (MANV,TENNV,PHAI,NGAYSINH,DIACHI,SODT,LUONG,PHUCAP,VAITRO,MANQL,PHG) values ('NV036',N'Thục Trường Giang',N'Nam',to_date('10-MAR-95','DD-MON-RR'),N'Quận Gò Vấp, TP Hồ Chí Minh','1439441582',7888314,710468,N'Nhân viên','NV023','PB006');
Insert into U_AD_QLNV.NHANVIEN$ (MANV,TENNV,PHAI,NGAYSINH,DIACHI,SODT,LUONG,PHUCAP,VAITRO,MANQL,PHG) values ('NV037',N'Đồ Như Ngà',N'Nữ',to_date('27-JUL-94','DD-MON-RR'),N'Quận Tân Phú, TP Hồ Chí Minh','821220781',7753198,509182,N'Nhân viên','NV025','PB005');
Insert into U_AD_QLNV.NHANVIEN$ (MANV,TENNV,PHAI,NGAYSINH,DIACHI,SODT,LUONG,PHUCAP,VAITRO,MANQL,PHG) values ('NV038',N'Xa Trúc Mai',N'Nữ',to_date('18-DEC-97','DD-MON-RR'),N'Quận Bình Tân, TP Hồ Chí Minh','1747673792',7742143,708483,N'Nhân viên','NV011','PB005');
Insert into U_AD_QLNV.NHANVIEN$ (MANV,TENNV,PHAI,NGAYSINH,DIACHI,SODT,LUONG,PHUCAP,VAITRO,MANQL,PHG) values ('NV039',N'Thế Duy Thành',N'Nam',to_date('19-JUL-92','DD-MON-RR'),N'Quận 1, TP Hồ Chí Minh','345204518',7526912,537537,N'Nhân viên','NV018','PB007');
Insert into U_AD_QLNV.NHANVIEN$ (MANV,TENNV,PHAI,NGAYSINH,DIACHI,SODT,LUONG,PHUCAP,VAITRO,MANQL,PHG) values ('NV040',N'Văn Vy Lam',N'Nữ',to_date('22-SEP-96','DD-MON-RR'),N'Quận 8, TP Hồ Chí Minh','221942607',7405103,835759,N'Nhân viên','NV027','PB001');
Insert into U_AD_QLNV.NHANVIEN$ (MANV,TENNV,PHAI,NGAYSINH,DIACHI,SODT,LUONG,PHUCAP,VAITRO,MANQL,PHG) values ('NV041',N'Ninh Minh Huyền',N'Nữ',to_date('22-OCT-93','DD-MON-RR'),N'Quận Bình Tân, TP Hồ Chí Minh','849643915',7135754,708130,N'Nhân viên','NV014','PB008');
Insert into U_AD_QLNV.NHANVIEN$ (MANV,TENNV,PHAI,NGAYSINH,DIACHI,SODT,LUONG,PHUCAP,VAITRO,MANQL,PHG) values ('NV042',N'Luyện Trường An',N'Nam',to_date('03-DEC-92','DD-MON-RR'),N'Quận Bình Thạnh, TP Hồ Chí Minh','261170619',7859746,867518,N'Nhân viên','NV027','PB001');
Insert into U_AD_QLNV.NHANVIEN$ (MANV,TENNV,PHAI,NGAYSINH,DIACHI,SODT,LUONG,PHUCAP,VAITRO,MANQL,PHG) values ('NV043',N'Hà Anh Việt',N'Nam',to_date('14-APR-93','DD-MON-RR'),N'Quận Bình Tân, TP Hồ Chí Minh','1095482388',7430875,516780,N'Nhân viên','NV027','PB001');
Insert into U_AD_QLNV.NHANVIEN$ (MANV,TENNV,PHAI,NGAYSINH,DIACHI,SODT,LUONG,PHUCAP,VAITRO,MANQL,PHG) values ('NV044',N'Giả Thúy Phượng',N'Nữ',to_date('10-NOV-96','DD-MON-RR'),N'Quận Gò Vấp, TP Hồ Chí Minh','1154672285',7691111,884749,N'Nhân viên','NV021','PB002');
Insert into U_AD_QLNV.NHANVIEN$ (MANV,TENNV,PHAI,NGAYSINH,DIACHI,SODT,LUONG,PHUCAP,VAITRO,MANQL,PHG) values ('NV045',N'Phương Hùng Ngọc',N'Nam',to_date('22-SEP-91','DD-MON-RR'),N'Quận Tân Bình, TP Hồ Chí Minh','835533338',7250259,982389,N'Nhân viên','NV010','PB007');
Insert into U_AD_QLNV.NHANVIEN$ (MANV,TENNV,PHAI,NGAYSINH,DIACHI,SODT,LUONG,PHUCAP,VAITRO,MANQL,PHG) values ('NV046',N'Châu Khánh Bình',N'Nam',to_date('10-OCT-90','DD-MON-RR'),N'Quận 2, TP Hồ Chí Minh','233722149',7535872,924120,N'Nhân viên','NV017','PB001');
Insert into U_AD_QLNV.NHANVIEN$ (MANV,TENNV,PHAI,NGAYSINH,DIACHI,SODT,LUONG,PHUCAP,VAITRO,MANQL,PHG) values ('NV047',N'Cống Ái Thi',N'Nữ',to_date('13-NOV-91','DD-MON-RR'),N'Quận Gò Vấp, TP Hồ Chí Minh','1350835744',7860408,628552,N'Nhân viên','NV014','PB008');
Insert into U_AD_QLNV.NHANVIEN$ (MANV,TENNV,PHAI,NGAYSINH,DIACHI,SODT,LUONG,PHUCAP,VAITRO,MANQL,PHG) values ('NV048',N'Lường Quang Đông',N'Nam',to_date('13-APR-94','DD-MON-RR'),N'Quận Bình Tân, TP Hồ Chí Minh','495229648',7073069,631372,N'Nhân viên','NV012','PB004');
Insert into U_AD_QLNV.NHANVIEN$ (MANV,TENNV,PHAI,NGAYSINH,DIACHI,SODT,LUONG,PHUCAP,VAITRO,MANQL,PHG) values ('NV049',N'Xa Tấn Thành',N'Nam',to_date('14-OCT-92','DD-MON-RR'),N'Quận Bình Thạnh, TP Hồ Chí Minh','336382210',7852214,984544,N'Nhân viên','NV015','PB003');
Insert into U_AD_QLNV.NHANVIEN$ (MANV,TENNV,PHAI,NGAYSINH,DIACHI,SODT,LUONG,PHUCAP,VAITRO,MANQL,PHG) values ('NV050',N'Trang Thế Bình',N'Nam',to_date('17-FEB-95','DD-MON-RR'),N'Quận 8, TP Hồ Chí Minh','1825505446',7702899,942965,N'Nhân viên','NV024','PB004');
Insert into U_AD_QLNV.NHANVIEN$ (MANV,TENNV,PHAI,NGAYSINH,DIACHI,SODT,LUONG,PHUCAP,VAITRO,MANQL,PHG) values ('NV051',N'Thôi Như Bảo',N'Nữ',to_date('12-JUL-97','DD-MON-RR'),N'Quận Bình Tân, TP Hồ Chí Minh','398337801',7553244,738971,N'Nhân viên','NV020','PB006');
Insert into U_AD_QLNV.NHANVIEN$ (MANV,TENNV,PHAI,NGAYSINH,DIACHI,SODT,LUONG,PHUCAP,VAITRO,MANQL,PHG) values ('NV052',N'Dư Thảo Mai',N'Nữ',to_date('10-NOV-94','DD-MON-RR'),N'Quận Tân Phú, TP Hồ Chí Minh','69474271',7366392,939734,N'Nhân viên','NV022','PB005');
Insert into U_AD_QLNV.NHANVIEN$ (MANV,TENNV,PHAI,NGAYSINH,DIACHI,SODT,LUONG,PHUCAP,VAITRO,MANQL,PHG) values ('NV053',N'Lều Tâm Thiện',N'Nam',to_date('17-FEB-91','DD-MON-RR'),N'Quận Phú Nhuận, TP Hồ Chí Minh','1922319810',7384741,737925,N'Nhân viên','NV010','PB007');
Insert into U_AD_QLNV.NHANVIEN$ (MANV,TENNV,PHAI,NGAYSINH,DIACHI,SODT,LUONG,PHUCAP,VAITRO,MANQL,PHG) values ('NV054',N'Điền Xuân Trường',N'Nam',to_date('03-MAY-91','DD-MON-RR'),N'Quận Bình Thạnh, TP Hồ Chí Minh','1117645642',7762299,757228,N'Nhân viên','NV024','PB004');
Insert into U_AD_QLNV.NHANVIEN$ (MANV,TENNV,PHAI,NGAYSINH,DIACHI,SODT,LUONG,PHUCAP,VAITRO,MANQL,PHG) values ('NV055',N'Hề Hữu Khanh',N'Nam',to_date('12-APR-91','DD-MON-RR'),N'Quận 1, TP Hồ Chí Minh','26028035',7442174,795624,N'Nhân viên','NV014','PB008');
Insert into U_AD_QLNV.NHANVIEN$ (MANV,TENNV,PHAI,NGAYSINH,DIACHI,SODT,LUONG,PHUCAP,VAITRO,MANQL,PHG) values ('NV056',N'Đái Ðông Nhi',N'Nữ',to_date('26-JUN-96','DD-MON-RR'),N'Quận 8, TP Hồ Chí Minh','362274235',7951260,846709,N'Nhân viên','NV016','PB003');
Insert into U_AD_QLNV.NHANVIEN$ (MANV,TENNV,PHAI,NGAYSINH,DIACHI,SODT,LUONG,PHUCAP,VAITRO,MANQL,PHG) values ('NV057',N'Điều Gia Bảo',N'Nam',to_date('17-NOV-95','DD-MON-RR'),N'Quận 1, TP Hồ Chí Minh','939580583',7982931,849907,N'Nhân viên','NV022','PB005');
Insert into U_AD_QLNV.NHANVIEN$ (MANV,TENNV,PHAI,NGAYSINH,DIACHI,SODT,LUONG,PHUCAP,VAITRO,MANQL,PHG) values ('NV058',N'Sái Bích Loan',N'Nữ',to_date('11-JUN-90','DD-MON-RR'),N'Quận Tân Bình, TP Hồ Chí Minh','115898664',7293515,836462,N'Nhân viên','NV025','PB005');
Insert into U_AD_QLNV.NHANVIEN$ (MANV,TENNV,PHAI,NGAYSINH,DIACHI,SODT,LUONG,PHUCAP,VAITRO,MANQL,PHG) values ('NV059',N'Trưng Chí Giang',N'Nam',to_date('01-NOV-91','DD-MON-RR'),N'Quận Phú Nhuận, TP Hồ Chí Minh','589317820',7265461,654016,N'Nhân viên','NV020','PB006');
Insert into U_AD_QLNV.NHANVIEN$ (MANV,TENNV,PHAI,NGAYSINH,DIACHI,SODT,LUONG,PHUCAP,VAITRO,MANQL,PHG) values ('NV060',N'Võ Ngọc Thạch',N'Nam',to_date('08-MAY-93','DD-MON-RR'),N'Quận Phú Nhuận, TP Hồ Chí Minh','1304054579',7981383,722524,N'Nhân viên','NV012','PB004');
Insert into U_AD_QLNV.NHANVIEN$ (MANV,TENNV,PHAI,NGAYSINH,DIACHI,SODT,LUONG,PHUCAP,VAITRO,MANQL,PHG) values ('NV061',N'Đỗ Quốc Thịnh',N'Nam',to_date('12-JAN-93','DD-MON-RR'),N'Quận Bình Tân, TP Hồ Chí Minh','1549686774',7718483,714090,N'Nhân viên','NV022','PB005');
Insert into U_AD_QLNV.NHANVIEN$ (MANV,TENNV,PHAI,NGAYSINH,DIACHI,SODT,LUONG,PHUCAP,VAITRO,MANQL,PHG) values ('NV062',N'Hùng Hạnh Dung',N'Nữ',to_date('03-MAY-90','DD-MON-RR'),N'Quận Bình Thạnh, TP Hồ Chí Minh','1640552920',7870096,603523,N'Nhân viên','NV020','PB006');
Insert into U_AD_QLNV.NHANVIEN$ (MANV,TENNV,PHAI,NGAYSINH,DIACHI,SODT,LUONG,PHUCAP,VAITRO,MANQL,PHG) values ('NV063',N'Khu Hiếu Hạnh',N'Nữ',to_date('11-AUG-92','DD-MON-RR'),N'Quận Bình Tân, TP Hồ Chí Minh','995328618',7345240,868994,N'Nhân viên','NV018','PB007');
Insert into U_AD_QLNV.NHANVIEN$ (MANV,TENNV,PHAI,NGAYSINH,DIACHI,SODT,LUONG,PHUCAP,VAITRO,MANQL,PHG) values ('NV064',N'Linh Hải Uyên',N'Nữ',to_date('16-FEB-91','DD-MON-RR'),N'Quận Bình Thạnh, TP Hồ Chí Minh','1654998900',7942679,580445,N'Nhân viên','NV014','PB008');
Insert into U_AD_QLNV.NHANVIEN$ (MANV,TENNV,PHAI,NGAYSINH,DIACHI,SODT,LUONG,PHUCAP,VAITRO,MANQL,PHG) values ('NV065',N'Tạ Gia Vinh',N'Nam',to_date('14-FEB-95','DD-MON-RR'),N'Quận 2, TP Hồ Chí Minh','383136292',7593652,994567,N'Nhân viên','NV014','PB008');
Insert into U_AD_QLNV.NHANVIEN$ (MANV,TENNV,PHAI,NGAYSINH,DIACHI,SODT,LUONG,PHUCAP,VAITRO,MANQL,PHG) values ('NV066',N'Quang Thu Hồng',N'Nữ',to_date('25-MAY-91','DD-MON-RR'),N'Quận Bình Tân, TP Hồ Chí Minh','1130370618',7933996,986742,N'Nhân viên','NV014','PB008');
Insert into U_AD_QLNV.NHANVIEN$ (MANV,TENNV,PHAI,NGAYSINH,DIACHI,SODT,LUONG,PHUCAP,VAITRO,MANQL,PHG) values ('NV067',N'Lộ Minh Hiền',N'Nữ',to_date('23-NOV-93','DD-MON-RR'),N'Quận 1, TP Hồ Chí Minh','1147300620',7596428,764557,N'Nhân viên','NV022','PB005');
Insert into U_AD_QLNV.NHANVIEN$ (MANV,TENNV,PHAI,NGAYSINH,DIACHI,SODT,LUONG,PHUCAP,VAITRO,MANQL,PHG) values ('NV068',N'Khưu Minh Huấn',N'Nam',to_date('22-APR-97','DD-MON-RR'),N'Quận 2, TP Hồ Chí Minh','1147605020',7009060,992506,N'Nhân viên','NV016','PB003');
Insert into U_AD_QLNV.NHANVIEN$ (MANV,TENNV,PHAI,NGAYSINH,DIACHI,SODT,LUONG,PHUCAP,VAITRO,MANQL,PHG) values ('NV069',N'Lục Quang Dương',N'Nam',to_date('19-AUG-90','DD-MON-RR'),N'Quận Gò Vấp, TP Hồ Chí Minh','2021657511',7530576,956292,N'Nhân viên','NV011','PB005');
Insert into U_AD_QLNV.NHANVIEN$ (MANV,TENNV,PHAI,NGAYSINH,DIACHI,SODT,LUONG,PHUCAP,VAITRO,MANQL,PHG) values ('NV070',N'Dư Nhật Phương',N'Nữ',to_date('21-SEP-95','DD-MON-RR'),N'Quận Bình Tân, TP Hồ Chí Minh','685423461',7153131,568713,N'Nhân viên','NV018','PB007');
Insert into U_AD_QLNV.NHANVIEN$ (MANV,TENNV,PHAI,NGAYSINH,DIACHI,SODT,LUONG,PHUCAP,VAITRO,MANQL,PHG) values ('NV071',N'Phi Ái Linh',N'Nữ',to_date('07-JAN-91','DD-MON-RR'),N'Quận Bình Tân, TP Hồ Chí Minh','1106792348',7868213,569599,N'Nhân viên','NV011','PB005');
Insert into U_AD_QLNV.NHANVIEN$ (MANV,TENNV,PHAI,NGAYSINH,DIACHI,SODT,LUONG,PHUCAP,VAITRO,MANQL,PHG) values ('NV072',N'Kiểu Mộng Vân',N'Nữ',to_date('03-JUN-93','DD-MON-RR'),N'Quận 2, TP Hồ Chí Minh','740727136',7176372,749413,N'Nhân viên','NV012','PB004');
Insert into U_AD_QLNV.NHANVIEN$ (MANV,TENNV,PHAI,NGAYSINH,DIACHI,SODT,LUONG,PHUCAP,VAITRO,MANQL,PHG) values ('NV073',N'Phí Bảo Lễ',N'Nữ',to_date('16-MAY-96','DD-MON-RR'),N'Quận 8, TP Hồ Chí Minh','149683541',7535361,589882,N'Nhân viên','NV024','PB004');
Insert into U_AD_QLNV.NHANVIEN$ (MANV,TENNV,PHAI,NGAYSINH,DIACHI,SODT,LUONG,PHUCAP,VAITRO,MANQL,PHG) values ('NV074',N'Liêu Hữu Khôi',N'Nam',to_date('10-AUG-90','DD-MON-RR'),N'Quận Phú Nhuận, TP Hồ Chí Minh','572466674',7353194,820388,N'Nhân viên','NV022','PB005');
Insert into U_AD_QLNV.NHANVIEN$ (MANV,TENNV,PHAI,NGAYSINH,DIACHI,SODT,LUONG,PHUCAP,VAITRO,MANQL,PHG) values ('NV075',N'Phi Nam Tú',N'Nam',to_date('09-NOV-92','DD-MON-RR'),N'Quận 1, TP Hồ Chí Minh','2065856452',7741952,919991,N'Nhân viên','NV010','PB007');
Insert into U_AD_QLNV.NHANVIEN$ (MANV,TENNV,PHAI,NGAYSINH,DIACHI,SODT,LUONG,PHUCAP,VAITRO,MANQL,PHG) values ('NV076',N'Danh Tịnh Lâm',N'Nữ',to_date('15-SEP-94','DD-MON-RR'),N'Quận 8, TP Hồ Chí Minh','1475754915',7890875,623394,N'Nhân viên','NV028','PB008');
Insert into U_AD_QLNV.NHANVIEN$ (MANV,TENNV,PHAI,NGAYSINH,DIACHI,SODT,LUONG,PHUCAP,VAITRO,MANQL,PHG) values ('NV077',N'Anh Minh Khánh',N'Nam',to_date('17-SEP-97','DD-MON-RR'),N'Quận 1, TP Hồ Chí Minh','704436691',7290919,633521,N'Nhân viên','NV026','PB005');
Insert into U_AD_QLNV.NHANVIEN$ (MANV,TENNV,PHAI,NGAYSINH,DIACHI,SODT,LUONG,PHUCAP,VAITRO,MANQL,PHG) values ('NV078',N'Lyly Ðông Quân',N'Nam',to_date('15-AUG-97','DD-MON-RR'),N'Quận Bình Thạnh, TP Hồ Chí Minh','1361761292',7899119,715253,N'Nhân viên','NV024','PB004');
Insert into U_AD_QLNV.NHANVIEN$ (MANV,TENNV,PHAI,NGAYSINH,DIACHI,SODT,LUONG,PHUCAP,VAITRO,MANQL,PHG) values ('NV079',N'Cao Nguyên Giáp',N'Nam',to_date('15-DEC-91','DD-MON-RR'),N'Quận 8, TP Hồ Chí Minh','79055119',7216241,533712,N'Nhân viên','NV015','PB003');
Insert into U_AD_QLNV.NHANVIEN$ (MANV,TENNV,PHAI,NGAYSINH,DIACHI,SODT,LUONG,PHUCAP,VAITRO,MANQL,PHG) values ('NV080',N'Tinh Khánh Huy',N'Nam',to_date('16-APR-91','DD-MON-RR'),N'Quận Bình Tân, TP Hồ Chí Minh','1505453045',7728204,627183,N'Nhân viên','NV020','PB006');
Insert into U_AD_QLNV.NHANVIEN$ (MANV,TENNV,PHAI,NGAYSINH,DIACHI,SODT,LUONG,PHUCAP,VAITRO,MANQL,PHG) values ('NV081',N'Viêm Minh Nhật',N'Nam',to_date('04-FEB-94','DD-MON-RR'),N'Quận Bình Tân, TP Hồ Chí Minh','877522684',7988282,660161,N'Nhân viên','NV024','PB004');
Insert into U_AD_QLNV.NHANVIEN$ (MANV,TENNV,PHAI,NGAYSINH,DIACHI,SODT,LUONG,PHUCAP,VAITRO,MANQL,PHG) values ('NV082',N'Nhan Công Hiếu',N'Nam',to_date('08-FEB-96','DD-MON-RR'),N'Quận Bình Thạnh, TP Hồ Chí Minh','591743219',7172875,668752,N'Nhân viên','NV012','PB004');
Insert into U_AD_QLNV.NHANVIEN$ (MANV,TENNV,PHAI,NGAYSINH,DIACHI,SODT,LUONG,PHUCAP,VAITRO,MANQL,PHG) values ('NV083',N'Thẩm Giang Nam',N'Nam',to_date('01-APR-90','DD-MON-RR'),N'Quận Tân Bình, TP Hồ Chí Minh','1428397767',7174771,952079,N'Nhân viên','NV010','PB007');
Insert into U_AD_QLNV.NHANVIEN$ (MANV,TENNV,PHAI,NGAYSINH,DIACHI,SODT,LUONG,PHUCAP,VAITRO,MANQL,PHG) values ('NV084',N'Đan Thúy Quỳnh',N'Nữ',to_date('05-DEC-92','DD-MON-RR'),N'Quận 2, TP Hồ Chí Minh','1371960511',7226982,565064,N'Nhân viên','NV021','PB002');
Insert into U_AD_QLNV.NHANVIEN$ (MANV,TENNV,PHAI,NGAYSINH,DIACHI,SODT,LUONG,PHUCAP,VAITRO,MANQL,PHG) values ('NV085',N'Tán Kim Ngân',N'Nữ',to_date('13-JAN-96','DD-MON-RR'),N'Quận Bình Thạnh, TP Hồ Chí Minh','1937398744',7437952,714893,N'Nhân viên','NV027','PB001');
Insert into U_AD_QLNV.NHANVIEN$ (MANV,TENNV,PHAI,NGAYSINH,DIACHI,SODT,LUONG,PHUCAP,VAITRO,MANQL,PHG) values ('NV086',N'Anh Ðức Phú',N'Nam',to_date('16-FEB-92','DD-MON-RR'),N'Quận Bình Tân, TP Hồ Chí Minh','1290612147',7730891,528471,N'Nhân viên','NV019','PB003');
Insert into U_AD_QLNV.NHANVIEN$ (MANV,TENNV,PHAI,NGAYSINH,DIACHI,SODT,LUONG,PHUCAP,VAITRO,MANQL,PHG) values ('NV087',N'Ngọc Xuân Khoa',N'Nam',to_date('22-NOV-94','DD-MON-RR'),N'Quận Bình Tân, TP Hồ Chí Minh','622597863',7742140,628504,N'Nhân viên','NV011','PB005');
Insert into U_AD_QLNV.NHANVIEN$ (MANV,TENNV,PHAI,NGAYSINH,DIACHI,SODT,LUONG,PHUCAP,VAITRO,MANQL,PHG) values ('NV088',N'Triệu Nam Hưng',N'Nam',to_date('23-MAY-95','DD-MON-RR'),N'Quận 1, TP Hồ Chí Minh','1947672999',7139396,678404,N'Nhân viên','NV026','PB005');
Insert into U_AD_QLNV.NHANVIEN$ (MANV,TENNV,PHAI,NGAYSINH,DIACHI,SODT,LUONG,PHUCAP,VAITRO,MANQL,PHG) values ('NV089',N'Trà Tịnh Như',N'Nữ',to_date('10-NOV-95','DD-MON-RR'),N'Quận Tân Bình, TP Hồ Chí Minh','934457552',7811395,666712,N'Nhân viên','NV013','PB007');
Insert into U_AD_QLNV.NHANVIEN$ (MANV,TENNV,PHAI,NGAYSINH,DIACHI,SODT,LUONG,PHUCAP,VAITRO,MANQL,PHG) values ('NV090',N'Bình Quốc Hoài',N'Nam',to_date('02-JUN-93','DD-MON-RR'),N'Quận 8, TP Hồ Chí Minh','100056536',7342700,776798,N'Nhân viên','NV019','PB003');
Insert into U_AD_QLNV.NHANVIEN$ (MANV,TENNV,PHAI,NGAYSINH,DIACHI,SODT,LUONG,PHUCAP,VAITRO,MANQL,PHG) values ('NV091',N'Hàn Mỹ Loan',N'Nữ',to_date('06-JAN-97','DD-MON-RR'),N'Quận 2, TP Hồ Chí Minh','1650152470',7538884,659190,N'Nhân viên','NV024','PB004');
Insert into U_AD_QLNV.NHANVIEN$ (MANV,TENNV,PHAI,NGAYSINH,DIACHI,SODT,LUONG,PHUCAP,VAITRO,MANQL,PHG) values ('NV092',N'Dương Nguyên Khang',N'Nam',to_date('05-DEC-93','DD-MON-RR'),N'Quận Tân Bình, TP Hồ Chí Minh','1965169804',7565651,910184,N'Nhân viên','NV009','PB003');
Insert into U_AD_QLNV.NHANVIEN$ (MANV,TENNV,PHAI,NGAYSINH,DIACHI,SODT,LUONG,PHUCAP,VAITRO,MANQL,PHG) values ('NV093',N'Lư Trúc Loan',N'Nữ',to_date('04-APR-92','DD-MON-RR'),N'Quận Bình Thạnh, TP Hồ Chí Minh','2057622791',7467336,878660,N'Nhân viên','NV010','PB007');
Insert into U_AD_QLNV.NHANVIEN$ (MANV,TENNV,PHAI,NGAYSINH,DIACHI,SODT,LUONG,PHUCAP,VAITRO,MANQL,PHG) values ('NV094',N'Lý Trí Thắng',N'Nam',to_date('24-OCT-95','DD-MON-RR'),N'Quận Bình Tân, TP Hồ Chí Minh','202312494',7610044,787833,N'Nhân viên','NV012','PB004');
Insert into U_AD_QLNV.NHANVIEN$ (MANV,TENNV,PHAI,NGAYSINH,DIACHI,SODT,LUONG,PHUCAP,VAITRO,MANQL,PHG) values ('NV095',N'Lăng Ðình Toàn',N'Nam',to_date('22-MAY-92','DD-MON-RR'),N'Quận Tân Bình, TP Hồ Chí Minh','1950499969',7955944,826683,N'Nhân viên','NV013','PB007');
Insert into U_AD_QLNV.NHANVIEN$ (MANV,TENNV,PHAI,NGAYSINH,DIACHI,SODT,LUONG,PHUCAP,VAITRO,MANQL,PHG) values ('NV096',N'Xung Thương Nga',N'Nữ',to_date('25-FEB-97','DD-MON-RR'),N'Quận Bình Tân, TP Hồ Chí Minh','458981621',7553852,814535,N'Nhân viên','NV009','PB003');
Insert into U_AD_QLNV.NHANVIEN$ (MANV,TENNV,PHAI,NGAYSINH,DIACHI,SODT,LUONG,PHUCAP,VAITRO,MANQL,PHG) values ('NV097',N'Dương Hoàng Khải',N'Nam',to_date('01-SEP-96','DD-MON-RR'),N'Quận Bình Tân, TP Hồ Chí Minh','344284512',7284864,581975,N'Nhân viên','NV028','PB008');
Insert into U_AD_QLNV.NHANVIEN$ (MANV,TENNV,PHAI,NGAYSINH,DIACHI,SODT,LUONG,PHUCAP,VAITRO,MANQL,PHG) values ('NV098',N'Cáp Tấn Trình',N'Nam',to_date('01-JAN-96','DD-MON-RR'),N'Quận 1, TP Hồ Chí Minh','555579239',7021982,682361,N'Nhân viên','NV015','PB003');
Insert into U_AD_QLNV.NHANVIEN$ (MANV,TENNV,PHAI,NGAYSINH,DIACHI,SODT,LUONG,PHUCAP,VAITRO,MANQL,PHG) values ('NV099',N'Phú Tịnh Tâm',N'Nữ',to_date('27-DEC-92','DD-MON-RR'),N'Quận Gò Vấp, TP Hồ Chí Minh','588843228',7265624,953148,N'Nhân viên','NV011','PB005');
Insert into U_AD_QLNV.NHANVIEN$ (MANV,TENNV,PHAI,NGAYSINH,DIACHI,SODT,LUONG,PHUCAP,VAITRO,MANQL,PHG) values ('NV100',N'Tinh Duy Mạnh',N'Nam',to_date('09-MAY-97','DD-MON-RR'),N'Quận Bình Tân, TP Hồ Chí Minh','1884326106',7220938,706416,N'Nhân viên','NV011','PB005');
Insert into U_AD_QLNV.NHANVIEN$ (MANV,TENNV,PHAI,NGAYSINH,DIACHI,SODT,LUONG,PHUCAP,VAITRO,MANQL,PHG) values ('NV101',N'Mạch Hà Giang',N'Nữ',to_date('17-MAY-94','DD-MON-RR'),N'Quận Phú Nhuận, TP Hồ Chí Minh','1522718081',7660550,662320,N'Nhân viên','NV009','PB003');
Insert into U_AD_QLNV.NHANVIEN$ (MANV,TENNV,PHAI,NGAYSINH,DIACHI,SODT,LUONG,PHUCAP,VAITRO,MANQL,PHG) values ('NV102',N'Khổng Hải Bằng',N'Nam',to_date('25-OCT-91','DD-MON-RR'),N'Quận Phú Nhuận, TP Hồ Chí Minh','334942042',7247051,826697,N'Nhân viên','NV025','PB005');
Insert into U_AD_QLNV.NHANVIEN$ (MANV,TENNV,PHAI,NGAYSINH,DIACHI,SODT,LUONG,PHUCAP,VAITRO,MANQL,PHG) values ('NV103',N'Liêu Thiên Di',N'Nữ',to_date('16-AUG-91','DD-MON-RR'),N'Quận 2, TP Hồ Chí Minh','358243042',7292890,987100,N'Nhân viên','NV016','PB003');
Insert into U_AD_QLNV.NHANVIEN$ (MANV,TENNV,PHAI,NGAYSINH,DIACHI,SODT,LUONG,PHUCAP,VAITRO,MANQL,PHG) values ('NV104',N'Trương Thịnh Cường',N'Nam',to_date('03-NOV-93','DD-MON-RR'),N'Quận 1, TP Hồ Chí Minh','1177776783',7181613,534153,N'Nhân viên','NV011','PB005');
Insert into U_AD_QLNV.NHANVIEN$ (MANV,TENNV,PHAI,NGAYSINH,DIACHI,SODT,LUONG,PHUCAP,VAITRO,MANQL,PHG) values ('NV105',N'Hàng Gia Phúc',N'Nam',to_date('09-DEC-94','DD-MON-RR'),N'Quận Bình Thạnh, TP Hồ Chí Minh','289366061',7511139,692959,N'Nhân viên','NV022','PB005');
Insert into U_AD_QLNV.NHANVIEN$ (MANV,TENNV,PHAI,NGAYSINH,DIACHI,SODT,LUONG,PHUCAP,VAITRO,MANQL,PHG) values ('NV106',N'Thục Bảo Vy',N'Nữ',to_date('26-FEB-90','DD-MON-RR'),N'Quận Gò Vấp, TP Hồ Chí Minh','1451832617',7772518,516895,N'Nhân viên','NV025','PB005');
Insert into U_AD_QLNV.NHANVIEN$ (MANV,TENNV,PHAI,NGAYSINH,DIACHI,SODT,LUONG,PHUCAP,VAITRO,MANQL,PHG) values ('NV107',N'Mai Tùng Lâm',N'Nam',to_date('23-NOV-91','DD-MON-RR'),N'Quận Tân Phú, TP Hồ Chí Minh','1325624659',7624562,795418,N'Nhân viên','NV027','PB001');
Insert into U_AD_QLNV.NHANVIEN$ (MANV,TENNV,PHAI,NGAYSINH,DIACHI,SODT,LUONG,PHUCAP,VAITRO,MANQL,PHG) values ('NV108',N'Hi Quang Lân',N'Nam',to_date('08-JAN-97','DD-MON-RR'),N'Quận Bình Tân, TP Hồ Chí Minh','533628786',7203927,641859,N'Nhân viên','NV011','PB005');
Insert into U_AD_QLNV.NHANVIEN$ (MANV,TENNV,PHAI,NGAYSINH,DIACHI,SODT,LUONG,PHUCAP,VAITRO,MANQL,PHG) values ('NV109',N'Cảnh Quang Vinh',N'Nam',to_date('02-MAR-92','DD-MON-RR'),N'Quận 1, TP Hồ Chí Minh','424711367',7994907,917336,N'Nhân viên','NV023','PB006');
Insert into U_AD_QLNV.NHANVIEN$ (MANV,TENNV,PHAI,NGAYSINH,DIACHI,SODT,LUONG,PHUCAP,VAITRO,MANQL,PHG) values ('NV110',N'Cát Mạnh Cương',N'Nam',to_date('27-AUG-96','DD-MON-RR'),N'Quận Bình Tân, TP Hồ Chí Minh','388062233',7002183,711018,N'Nhân viên','NV023','PB006');
Insert into U_AD_QLNV.NHANVIEN$ (MANV,TENNV,PHAI,NGAYSINH,DIACHI,SODT,LUONG,PHUCAP,VAITRO,MANQL,PHG) values ('NV111',N'Lã Kim Ngân',N'Nữ',to_date('04-JUL-95','DD-MON-RR'),N'Quận Tân Phú, TP Hồ Chí Minh','1680775393',7574112,539080,N'Nhân viên','NV018','PB007');
Insert into U_AD_QLNV.NHANVIEN$ (MANV,TENNV,PHAI,NGAYSINH,DIACHI,SODT,LUONG,PHUCAP,VAITRO,MANQL,PHG) values ('NV112',N'Thân Yến Trâm',N'Nữ',to_date('13-MAR-91','DD-MON-RR'),N'Quận 1, TP Hồ Chí Minh','1659165007',7923344,787274,N'Nhân viên','NV016','PB003');
Insert into U_AD_QLNV.NHANVIEN$ (MANV,TENNV,PHAI,NGAYSINH,DIACHI,SODT,LUONG,PHUCAP,VAITRO,MANQL,PHG) values ('NV113',N'Ninh Hiền Nương',N'Nữ',to_date('06-APR-96','DD-MON-RR'),N'Quận Bình Thạnh, TP Hồ Chí Minh','1733208004',7628234,693458,N'Nhân viên','NV027','PB001');
Insert into U_AD_QLNV.NHANVIEN$ (MANV,TENNV,PHAI,NGAYSINH,DIACHI,SODT,LUONG,PHUCAP,VAITRO,MANQL,PHG) values ('NV114',N'Chế Diễm Uyên',N'Nữ',to_date('23-MAR-90','DD-MON-RR'),N'Quận Phú Nhuận, TP Hồ Chí Minh','415630172',7423667,930095,N'Nhân viên','NV010','PB007');
Insert into U_AD_QLNV.NHANVIEN$ (MANV,TENNV,PHAI,NGAYSINH,DIACHI,SODT,LUONG,PHUCAP,VAITRO,MANQL,PHG) values ('NV115',N'Phí Yến Ðan',N'Nữ',to_date('11-FEB-91','DD-MON-RR'),N'Quận Gò Vấp, TP Hồ Chí Minh','679503640',7527954,969423,N'Nhân viên','NV017','PB001');
Insert into U_AD_QLNV.NHANVIEN$ (MANV,TENNV,PHAI,NGAYSINH,DIACHI,SODT,LUONG,PHUCAP,VAITRO,MANQL,PHG) values ('NV116',N'Thế Khắc Minh',N'Nam',to_date('24-AUG-95','DD-MON-RR'),N'Quận Gò Vấp, TP Hồ Chí Minh','1257429287',7767111,774918,N'Nhân viên','NV013','PB007');
Insert into U_AD_QLNV.NHANVIEN$ (MANV,TENNV,PHAI,NGAYSINH,DIACHI,SODT,LUONG,PHUCAP,VAITRO,MANQL,PHG) values ('NV117',N'Cung Phú Hải',N'Nam',to_date('26-DEC-92','DD-MON-RR'),N'Quận 1, TP Hồ Chí Minh','1346810392',7677937,947063,N'Nhân viên','NV028','PB008');
Insert into U_AD_QLNV.NHANVIEN$ (MANV,TENNV,PHAI,NGAYSINH,DIACHI,SODT,LUONG,PHUCAP,VAITRO,MANQL,PHG) values ('NV118',N'Hạ Nguyệt Cát',N'Nữ',to_date('16-JAN-93','DD-MON-RR'),N'Quận Phú Nhuận, TP Hồ Chí Minh','1579157123',7580764,987891,N'Nhân viên','NV017','PB001');
Insert into U_AD_QLNV.NHANVIEN$ (MANV,TENNV,PHAI,NGAYSINH,DIACHI,SODT,LUONG,PHUCAP,VAITRO,MANQL,PHG) values ('NV119',N'Lê Trần Thắng',N'Nam',to_date('08-DEC-93','DD-MON-RR'),N'Quận 8, TP Hồ Chí Minh','1787963993',7552440,827862,N'Nhân viên','NV013','PB007');
Insert into U_AD_QLNV.NHANVIEN$ (MANV,TENNV,PHAI,NGAYSINH,DIACHI,SODT,LUONG,PHUCAP,VAITRO,MANQL,PHG) values ('NV120',N'Lô Hữu Vĩnh',N'Nam',to_date('01-OCT-90','DD-MON-RR'),N'Quận Tân Bình, TP Hồ Chí Minh','1793115741',7528773,619925,N'Nhân viên','NV011','PB005');
Insert into U_AD_QLNV.NHANVIEN$ (MANV,TENNV,PHAI,NGAYSINH,DIACHI,SODT,LUONG,PHUCAP,VAITRO,MANQL,PHG) values ('NV121',N'Bảo Hoài Tín',N'Nam',to_date('17-JUN-94','DD-MON-RR'),N'Quận Tân Bình, TP Hồ Chí Minh','458878124',7220259,670914,N'Nhân viên','NV015','PB003');
Insert into U_AD_QLNV.NHANVIEN$ (MANV,TENNV,PHAI,NGAYSINH,DIACHI,SODT,LUONG,PHUCAP,VAITRO,MANQL,PHG) values ('NV122',N'Tôn Thất Uyên TNhy','Nữ',to_date('14-OCT-95','DD-MON-RR'),N'Quận Tân Bình, TP Hồ Chí Minh','246307851',7463416,889759,N'Nhân viên','NV026','PB005');
Insert into U_AD_QLNV.NHANVIEN$ (MANV,TENNV,PHAI,NGAYSINH,DIACHI,SODT,LUONG,PHUCAP,VAITRO,MANQL,PHG) values ('NV123',N'Bì Tuấn Tài',N'Nam',to_date('23-SEP-93','DD-MON-RR'),N'Quận Gò Vấp, TP Hồ Chí Minh','741369923',7985219,974518,N'Nhân viên','NV018','PB007');
Insert into U_AD_QLNV.NHANVIEN$ (MANV,TENNV,PHAI,NGAYSINH,DIACHI,SODT,LUONG,PHUCAP,VAITRO,MANQL,PHG) values ('NV124',N'Kiều Hoàng Kim',N'Nữ',to_date('27-SEP-96','DD-MON-RR'),N'Quận Tân Bình, TP Hồ Chí Minh','241387223',7762403,747757,N'Nhân viên','NV009','PB003');
Insert into U_AD_QLNV.NHANVIEN$ (MANV,TENNV,PHAI,NGAYSINH,DIACHI,SODT,LUONG,PHUCAP,VAITRO,MANQL,PHG) values ('NV125',N'Hùng Mạnh Ðình',N'Nam',to_date('15-APR-90','DD-MON-RR'),N'Quận Tân Phú, TP Hồ Chí Minh','1318161954',7626421,502634,N'Nhân viên','NV022','PB005');
Insert into U_AD_QLNV.NHANVIEN$ (MANV,TENNV,PHAI,NGAYSINH,DIACHI,SODT,LUONG,PHUCAP,VAITRO,MANQL,PHG) values ('NV126',N'Viên Bích Châu',N'Nữ',to_date('24-NOV-97','DD-MON-RR'),N'Quận Bình Tân, TP Hồ Chí Minh','1645495372',7369531,894351,N'Nhân viên','NV017','PB001');
Insert into U_AD_QLNV.NHANVIEN$ (MANV,TENNV,PHAI,NGAYSINH,DIACHI,SODT,LUONG,PHUCAP,VAITRO,MANQL,PHG) values ('NV127',N'Ứng Nguyệt Uyển',N'Nữ',to_date('25-DEC-94','DD-MON-RR'),N'Quận 8, TP Hồ Chí Minh','1547056704',7382406,637761,N'Nhân viên','NV028','PB008');
Insert into U_AD_QLNV.NHANVIEN$ (MANV,TENNV,PHAI,NGAYSINH,DIACHI,SODT,LUONG,PHUCAP,VAITRO,MANQL,PHG) values ('NV128',N'Trang Thanh Bình',N'Nữ',to_date('10-OCT-94','DD-MON-RR'),N'Quận 1, TP Hồ Chí Minh','2016975619',7823987,877844,N'Nhân viên','NV014','PB008');
Insert into U_AD_QLNV.NHANVIEN$ (MANV,TENNV,PHAI,NGAYSINH,DIACHI,SODT,LUONG,PHUCAP,VAITRO,MANQL,PHG) values ('NV129',N'Lạc Ngọc Thy',N'Nữ',to_date('01-DEC-96','DD-MON-RR'),N'Quận Tân Bình, TP Hồ Chí Minh','1656008439',7846999,985955,N'Nhân viên','NV009','PB003');
Insert into U_AD_QLNV.NHANVIEN$ (MANV,TENNV,PHAI,NGAYSINH,DIACHI,SODT,LUONG,PHUCAP,VAITRO,MANQL,PHG) values ('NV130',N'Phù Nghĩa Hòa',N'Nam',to_date('02-SEP-97','DD-MON-RR'),N'Quận Bình Tân, TP Hồ Chí Minh','610509678',7253079,638423,N'Nhân viên','NV011','PB005');
Insert into U_AD_QLNV.NHANVIEN$ (MANV,TENNV,PHAI,NGAYSINH,DIACHI,SODT,LUONG,PHUCAP,VAITRO,MANQL,PHG) values ('NV131',N'Trịnh Thục Trinh',N'Nữ',to_date('05-AUG-94','DD-MON-RR'),N'Quận Tân Bình, TP Hồ Chí Minh','1962320693',7035938,579828,N'Nhân viên','NV025','PB005');
Insert into U_AD_QLNV.NHANVIEN$ (MANV,TENNV,PHAI,NGAYSINH,DIACHI,SODT,LUONG,PHUCAP,VAITRO,MANQL,PHG) values ('NV132',N'Đinh Văn Huy',N'Nam',to_date('01-JUN-96','DD-MON-RR'),N'Quận Tân Phú, TP Hồ Chí Minh','1310737702',7355701,625461,N'Nhân viên','NV012','PB004');
Insert into U_AD_QLNV.NHANVIEN$ (MANV,TENNV,PHAI,NGAYSINH,DIACHI,SODT,LUONG,PHUCAP,VAITRO,MANQL,PHG) values ('NV133',N'Yên Hưng Ðạo',N'Nam',to_date('20-MAY-91','DD-MON-RR'),N'Quận Bình Tân, TP Hồ Chí Minh','410318312',7882865,542055,N'Nhân viên','NV028','PB008');
Insert into U_AD_QLNV.NHANVIEN$ (MANV,TENNV,PHAI,NGAYSINH,DIACHI,SODT,LUONG,PHUCAP,VAITRO,MANQL,PHG) values ('NV134',N'Khâu Gia Huy',N'Nam',to_date('19-OCT-96','DD-MON-RR'),N'Quận Bình Tân, TP Hồ Chí Minh','676801871',7669807,730895,N'Nhân viên','NV017','PB001');
Insert into U_AD_QLNV.NHANVIEN$ (MANV,TENNV,PHAI,NGAYSINH,DIACHI,SODT,LUONG,PHUCAP,VAITRO,MANQL,PHG) values ('NV135',N'Tạ Uyển Nhã',N'Nữ',to_date('06-AUG-96','DD-MON-RR'),N'Quận Phú Nhuận, TP Hồ Chí Minh','665071305',7135471,555157,N'Nhân viên','NV016','PB003');
Insert into U_AD_QLNV.NHANVIEN$ (MANV,TENNV,PHAI,NGAYSINH,DIACHI,SODT,LUONG,PHUCAP,VAITRO,MANQL,PHG) values ('NV272',N'Phương Lệ Chi',N'Nữ',to_date('16-MAY-97','DD-MON-RR'),N'Quận Tân Bình, TP Hồ Chí Minh','2126336270',7958543,904451,N'Nhân viên','NV014','PB008');
Insert into U_AD_QLNV.NHANVIEN$ (MANV,TENNV,PHAI,NGAYSINH,DIACHI,SODT,LUONG,PHUCAP,VAITRO,MANQL,PHG) values ('NV273',N'Thục Anh Hoàng',N'Nam',to_date('12-DEC-91','DD-MON-RR'),N'Quận 2, TP Hồ Chí Minh','722663031',7976432,500881,N'Nhân viên','NV026','PB005');
Insert into U_AD_QLNV.NHANVIEN$ (MANV,TENNV,PHAI,NGAYSINH,DIACHI,SODT,LUONG,PHUCAP,VAITRO,MANQL,PHG) values ('NV274',N'Huỳnh Ban Mai',N'Nữ',to_date('06-AUG-91','DD-MON-RR'),N'Quận Gò Vấp, TP Hồ Chí Minh','931254009',7774582,908186,N'Nhân viên','NV028','PB008');
Insert into U_AD_QLNV.NHANVIEN$ (MANV,TENNV,PHAI,NGAYSINH,DIACHI,SODT,LUONG,PHUCAP,VAITRO,MANQL,PHG) values ('NV275',N'Thi Tất Hiếu',N'Nam',to_date('21-JUL-96','DD-MON-RR'),N'Quận Bình Tân, TP Hồ Chí Minh','1693159061',7347200,954096,N'Nhân viên','NV010','PB007');
Insert into U_AD_QLNV.NHANVIEN$ (MANV,TENNV,PHAI,NGAYSINH,DIACHI,SODT,LUONG,PHUCAP,VAITRO,MANQL,PHG) values ('NV276',N'Cảnh Xuân Huy',N'Nam',to_date('15-NOV-94','DD-MON-RR'),N'Quận Tân Bình, TP Hồ Chí Minh','1439332396',7326610,800659,N'Nhân viên','NV013','PB007');
Insert into U_AD_QLNV.NHANVIEN$ (MANV,TENNV,PHAI,NGAYSINH,DIACHI,SODT,LUONG,PHUCAP,VAITRO,MANQL,PHG) values ('NV277',N'Mai Thiên Trang',N'Nữ',to_date('13-MAY-90','DD-MON-RR'),N'Quận Tân Bình, TP Hồ Chí Minh','800385318',7671568,971252,N'Nhân viên','NV015','PB003');
Insert into U_AD_QLNV.NHANVIEN$ (MANV,TENNV,PHAI,NGAYSINH,DIACHI,SODT,LUONG,PHUCAP,VAITRO,MANQL,PHG) values ('NV278',N'Khai Huỳnh Anh',N'Nữ',to_date('14-JUN-90','DD-MON-RR'),N'Quận Gò Vấp, TP Hồ Chí Minh','1028510955',7363974,628517,N'Nhân viên','NV020','PB006');
Insert into U_AD_QLNV.NHANVIEN$ (MANV,TENNV,PHAI,NGAYSINH,DIACHI,SODT,LUONG,PHUCAP,VAITRO,MANQL,PHG) values ('NV279',N'Giao Hữu Vĩnh',N'Nam',to_date('18-MAY-97','DD-MON-RR'),N'Quận Tân Phú, TP Hồ Chí Minh','1666701411',7634848,896176,N'Nhân viên','NV023','PB006');
Insert into U_AD_QLNV.NHANVIEN$ (MANV,TENNV,PHAI,NGAYSINH,DIACHI,SODT,LUONG,PHUCAP,VAITRO,MANQL,PHG) values ('NV280',N'Mạch Thúy Huyền',N'Nữ',to_date('18-OCT-96','DD-MON-RR'),N'Quận Tân Phú, TP Hồ Chí Minh','911079016',7260848,725031,N'Nhân viên','NV018','PB007');
Insert into U_AD_QLNV.NHANVIEN$ (MANV,TENNV,PHAI,NGAYSINH,DIACHI,SODT,LUONG,PHUCAP,VAITRO,MANQL,PHG) values ('NV281',N'Đường Thiện Tâm',N'Nam',to_date('14-NOV-95','DD-MON-RR'),N'Quận 2, TP Hồ Chí Minh','793915261',7585836,926109,N'Nhân viên','NV027','PB001');
Insert into U_AD_QLNV.NHANVIEN$ (MANV,TENNV,PHAI,NGAYSINH,DIACHI,SODT,LUONG,PHUCAP,VAITRO,MANQL,PHG) values ('NV282',N'Lãnh Hương Chi',N'Nữ',to_date('05-OCT-90','DD-MON-RR'),N'Quận Gò Vấp, TP Hồ Chí Minh','216784532',7528728,575353,N'Nhân viên','NV028','PB008');
Insert into U_AD_QLNV.NHANVIEN$ (MANV,TENNV,PHAI,NGAYSINH,DIACHI,SODT,LUONG,PHUCAP,VAITRO,MANQL,PHG) values ('NV283',N'Công Diệu Ngọc',N'Nữ',to_date('16-DEC-96','DD-MON-RR'),N'Quận Tân Bình, TP Hồ Chí Minh','1301332693',7584977,709965,N'Nhân viên','NV026','PB005');
Insert into U_AD_QLNV.NHANVIEN$ (MANV,TENNV,PHAI,NGAYSINH,DIACHI,SODT,LUONG,PHUCAP,VAITRO,MANQL,PHG) values ('NV284',N'Sái Minh Thiện',N'Nam',to_date('08-NOV-97','DD-MON-RR'),N'Quận Bình Thạnh, TP Hồ Chí Minh','2105940286',7880077,896716,N'Nhân viên','NV020','PB006');
Insert into U_AD_QLNV.NHANVIEN$ (MANV,TENNV,PHAI,NGAYSINH,DIACHI,SODT,LUONG,PHUCAP,VAITRO,MANQL,PHG) values ('NV285',N'Hình Phương Giang',N'Nữ',to_date('27-APR-92','DD-MON-RR'),N'Quận Phú Nhuận, TP Hồ Chí Minh','970923287',7575697,850106,N'Nhân viên','NV026','PB005');
Insert into U_AD_QLNV.NHANVIEN$ (MANV,TENNV,PHAI,NGAYSINH,DIACHI,SODT,LUONG,PHUCAP,VAITRO,MANQL,PHG) values ('NV286',N'Lạc Bình Quân',N'Nam',to_date('27-OCT-94','DD-MON-RR'),N'Quận Bình Tân, TP Hồ Chí Minh','966412602',7797672,879210,N'Nhân viên','NV010','PB007');
Insert into U_AD_QLNV.NHANVIEN$ (MANV,TENNV,PHAI,NGAYSINH,DIACHI,SODT,LUONG,PHUCAP,VAITRO,MANQL,PHG) values ('NV287',N'Hứa Thiện Tiên',N'Nữ',to_date('12-DEC-95','DD-MON-RR'),N'Quận Tân Bình, TP Hồ Chí Minh','1610272302',7185493,817687,N'Nhân viên','NV017','PB001');
Insert into U_AD_QLNV.NHANVIEN$ (MANV,TENNV,PHAI,NGAYSINH,DIACHI,SODT,LUONG,PHUCAP,VAITRO,MANQL,PHG) values ('NV288',N'Quang Thúy Vi',N'Nữ',to_date('11-DEC-96','DD-MON-RR'),N'Quận 8, TP Hồ Chí Minh','319828019',7659047,534891,N'Nhân viên','NV011','PB005');
Insert into U_AD_QLNV.NHANVIEN$ (MANV,TENNV,PHAI,NGAYSINH,DIACHI,SODT,LUONG,PHUCAP,VAITRO,MANQL,PHG) values ('NV289',N'Biện Bích Thủy',N'Nữ',to_date('11-MAR-97','DD-MON-RR'),N'Quận 2, TP Hồ Chí Minh','311239583',7214513,723789,N'Nhân viên','NV013','PB007');
Insert into U_AD_QLNV.NHANVIEN$ (MANV,TENNV,PHAI,NGAYSINH,DIACHI,SODT,LUONG,PHUCAP,VAITRO,MANQL,PHG) values ('NV290',N'Đàm Gia Khanh',N'Nữ',to_date('22-FEB-95','DD-MON-RR'),N'Quận 8, TP Hồ Chí Minh','1381934557',7582238,682118,N'Nhân viên','NV009','PB003');
Insert into U_AD_QLNV.NHANVIEN$ (MANV,TENNV,PHAI,NGAYSINH,DIACHI,SODT,LUONG,PHUCAP,VAITRO,MANQL,PHG) values ('NV291',N'Lường Thiên Mạnh',N'Nam',to_date('16-MAR-97','DD-MON-RR'),N'Quận Tân Phú, TP Hồ Chí Minh','499328022',7260186,706479,N'Nhân viên','NV018','PB007');
Insert into U_AD_QLNV.NHANVIEN$ (MANV,TENNV,PHAI,NGAYSINH,DIACHI,SODT,LUONG,PHUCAP,VAITRO,MANQL,PHG) values ('NV292',N'Ma Trí Dũng',N'Nam',to_date('07-OCT-92','DD-MON-RR'),N'Quận 1, TP Hồ Chí Minh','1062085393',7849226,781301,N'Nhân viên','NV012','PB004');
Insert into U_AD_QLNV.NHANVIEN$ (MANV,TENNV,PHAI,NGAYSINH,DIACHI,SODT,LUONG,PHUCAP,VAITRO,MANQL,PHG) values ('NV293',N'Kiều Công Hải',N'Nam',to_date('25-OCT-91','DD-MON-RR'),N'Quận Phú Nhuận, TP Hồ Chí Minh','354790985',7515567,599219,N'Nhân viên','NV028','PB008');
Insert into U_AD_QLNV.NHANVIEN$ (MANV,TENNV,PHAI,NGAYSINH,DIACHI,SODT,LUONG,PHUCAP,VAITRO,MANQL,PHG) values ('NV294',N'Diêm Cao Phong',N'Nam',to_date('08-AUG-90','DD-MON-RR'),N'Quận Tân Phú, TP Hồ Chí Minh','1893562694',7348002,695555,N'Nhân viên','NV021','PB002');
Insert into U_AD_QLNV.NHANVIEN$ (MANV,TENNV,PHAI,NGAYSINH,DIACHI,SODT,LUONG,PHUCAP,VAITRO,MANQL,PHG) values ('NV295',N'Chương Gia Khanh',N'Nữ',to_date('02-JUL-94','DD-MON-RR'),N'Quận 1, TP Hồ Chí Minh','1185195711',7549952,742186,N'Nhân viên','NV023','PB006');
Insert into U_AD_QLNV.NHANVIEN$ (MANV,TENNV,PHAI,NGAYSINH,DIACHI,SODT,LUONG,PHUCAP,VAITRO,MANQL,PHG) values ('NV296',N'Châu Thành Lợi',N'Nam',to_date('10-OCT-93','DD-MON-RR'),N'Quận 1, TP Hồ Chí Minh','519936822',7314707,971795,N'Nhân viên','NV017','PB001');
Insert into U_AD_QLNV.NHANVIEN$ (MANV,TENNV,PHAI,NGAYSINH,DIACHI,SODT,LUONG,PHUCAP,VAITRO,MANQL,PHG) values ('NV297',N'Vưu Việt Hà',N'Nữ',to_date('16-MAY-94','DD-MON-RR'),N'Quận Tân Bình, TP Hồ Chí Minh','686210932',7739141,916309,N'Nhân viên','NV022','PB005');
Insert into U_AD_QLNV.NHANVIEN$ (MANV,TENNV,PHAI,NGAYSINH,DIACHI,SODT,LUONG,PHUCAP,VAITRO,MANQL,PHG) values ('NV298',N'Bàn Quang Thuận',N'Nam',to_date('03-OCT-97','DD-MON-RR'),N'Quận Bình Thạnh, TP Hồ Chí Minh','281275109',7173880,674238,N'Nhân viên','NV023','PB006');
Insert into U_AD_QLNV.NHANVIEN$ (MANV,TENNV,PHAI,NGAYSINH,DIACHI,SODT,LUONG,PHUCAP,VAITRO,MANQL,PHG) values ('NV299',N'Quàng Quỳnh Giang',N'Nữ',to_date('23-DEC-94','DD-MON-RR'),N'Quận Tân Bình, TP Hồ Chí Minh','1774798787',7515677,535159,N'Nhân viên','NV011','PB005');
Insert into U_AD_QLNV.NHANVIEN$ (MANV,TENNV,PHAI,NGAYSINH,DIACHI,SODT,LUONG,PHUCAP,VAITRO,MANQL,PHG) values ('NV300',N'Bế Triều Thành',N'Nam',to_date('19-JUN-93','DD-MON-RR'),N'Quận 2, TP Hồ Chí Minh','1797418762',7582623,877386,N'Nhân viên','NV015','PB003');
Insert into U_AD_QLNV.NHANVIEN$ (MANV,TENNV,PHAI,NGAYSINH,DIACHI,SODT,LUONG,PHUCAP,VAITRO,MANQL,PHG) values ('NV301',N'Ngọc Minh Nhi',N'Nữ',to_date('17-APR-93','DD-MON-RR'),N'Quận Bình Thạnh, TP Hồ Chí Minh','1657346917',7220151,829044,N'Nhân viên','NV023','PB006');
Insert into U_AD_QLNV.NHANVIEN$ (MANV,TENNV,PHAI,NGAYSINH,DIACHI,SODT,LUONG,PHUCAP,VAITRO,MANQL,PHG) values ('NV302',N'Cái Minh Ngọc',N'Nữ',to_date('15-JUN-91','DD-MON-RR'),N'Quận Gò Vấp, TP Hồ Chí Minh','1285560076',7625224,700421,N'Nhân viên','NV013','PB007');
Insert into U_AD_QLNV.NHANVIEN$ (MANV,TENNV,PHAI,NGAYSINH,DIACHI,SODT,LUONG,PHUCAP,VAITRO,MANQL,PHG) values ('NV303',N'Đái Ðinh Lộc',N'Nam',to_date('16-SEP-97','DD-MON-RR'),N'Quận Bình Thạnh, TP Hồ Chí Minh','1522913554',7071973,520460,N'Nhân viên','NV020','PB006');
Insert into U_AD_QLNV.NHANVIEN$ (MANV,TENNV,PHAI,NGAYSINH,DIACHI,SODT,LUONG,PHUCAP,VAITRO,MANQL,PHG) values ('NV304',N'Tề Bích Vân',N'Nữ',to_date('21-FEB-97','DD-MON-RR'),N'Quận Bình Thạnh, TP Hồ Chí Minh','1444505744',7130888,970082,N'Nhân viên','NV017','PB001');
Insert into U_AD_QLNV.NHANVIEN$ (MANV,TENNV,PHAI,NGAYSINH,DIACHI,SODT,LUONG,PHUCAP,VAITRO,MANQL,PHG) values ('NV305',N'Hề Huệ Linh',N'Nữ',to_date('09-MAY-93','DD-MON-RR'),N'Quận Tân Bình, TP Hồ Chí Minh','802673527',7817376,919360,N'Nhân viên','NV023','PB006');
Insert into U_AD_QLNV.NHANVIEN$ (MANV,TENNV,PHAI,NGAYSINH,DIACHI,SODT,LUONG,PHUCAP,VAITRO,MANQL,PHG) values ('NV306',N'Lê Văn Luyện',N'Nam',to_date('18-DEC-96','DD-MON-RR'),N'Quận 8, TP Hồ Chí Minh','1643269446',7996610,873278,N'Nhân viên','NV023','PB006');
Insert into U_AD_QLNV.NHANVIEN$ (MANV,TENNV,PHAI,NGAYSINH,DIACHI,SODT,LUONG,PHUCAP,VAITRO,MANQL,PHG) values ('NV307',N'Phương Tuyết Vân',N'Nữ',to_date('24-SEP-91','DD-MON-RR'),N'Quận Tân Bình, TP Hồ Chí Minh','923961008',7182151,948131,N'Nhân viên','NV018','PB007');
Insert into U_AD_QLNV.NHANVIEN$ (MANV,TENNV,PHAI,NGAYSINH,DIACHI,SODT,LUONG,PHUCAP,VAITRO,MANQL,PHG) values ('NV308',N'Lỗ Hiểu Minh',N'Nam',to_date('11-APR-95','DD-MON-RR'),N'Quận Bình Thạnh, TP Hồ Chí Minh','2144236072',7894599,518983,N'Nhân viên','NV020','PB006');
Insert into U_AD_QLNV.NHANVIEN$ (MANV,TENNV,PHAI,NGAYSINH,DIACHI,SODT,LUONG,PHUCAP,VAITRO,MANQL,PHG) values ('NV309',N'Nguyễn Ðăng Khoa',N'Nam',to_date('17-NOV-92','DD-MON-RR'),N'Quận 2, TP Hồ Chí Minh','613735430',7475325,844619,N'Nhân viên','NV028','PB008');
Insert into U_AD_QLNV.NHANVIEN$ (MANV,TENNV,PHAI,NGAYSINH,DIACHI,SODT,LUONG,PHUCAP,VAITRO,MANQL,PHG) values ('NV310',N'Quách Công Hoán',N'Nam',to_date('27-JUN-92','DD-MON-RR'),N'Quận Tân Phú, TP Hồ Chí Minh','2036569716',7952575,698185,N'Nhân viên','NV011','PB005');
Insert into U_AD_QLNV.NHANVIEN$ (MANV,TENNV,PHAI,NGAYSINH,DIACHI,SODT,LUONG,PHUCAP,VAITRO,MANQL,PHG) values ('NV311',N'Đèo Thái Dương',N'Nam',to_date('07-DEC-97','DD-MON-RR'),N'Quận Bình Thạnh, TP Hồ Chí Minh','1428782184',7478617,673676,N'Nhân viên','NV025','PB005');
Insert into U_AD_QLNV.NHANVIEN$ (MANV,TENNV,PHAI,NGAYSINH,DIACHI,SODT,LUONG,PHUCAP,VAITRO,MANQL,PHG) values ('NV312',N'Thân Hải Mỹ',N'Nữ',to_date('11-JUN-95','DD-MON-RR'),N'Quận 8, TP Hồ Chí Minh','313722127',7426500,939388,N'Nhân viên','NV025','PB005');
Insert into U_AD_QLNV.NHANVIEN$ (MANV,TENNV,PHAI,NGAYSINH,DIACHI,SODT,LUONG,PHUCAP,VAITRO,MANQL,PHG) values ('NV313',N'Bá Thu Ngà',N'Nữ',to_date('08-DEC-95','DD-MON-RR'),N'Quận Tân Bình, TP Hồ Chí Minh','1239244011',7001970,662286,N'Nhân viên','NV017','PB001');
Insert into U_AD_QLNV.NHANVIEN$ (MANV,TENNV,PHAI,NGAYSINH,DIACHI,SODT,LUONG,PHUCAP,VAITRO,MANQL,PHG) values ('NV314',N'Cam Việt Yến',N'Nữ',to_date('01-OCT-90','DD-MON-RR'),N'Quận Bình Tân, TP Hồ Chí Minh','789618091',7346687,774554,N'Nhân viên','NV016','PB003');
Insert into U_AD_QLNV.NHANVIEN$ (MANV,TENNV,PHAI,NGAYSINH,DIACHI,SODT,LUONG,PHUCAP,VAITRO,MANQL,PHG) values ('NV315',N'Mai Sơn Quân',N'Nam',to_date('12-APR-92','DD-MON-RR'),N'Quận Gò Vấp, TP Hồ Chí Minh','1315399577',7090026,536986,N'Nhân viên','NV016','PB003');
Insert into U_AD_QLNV.NHANVIEN$ (MANV,TENNV,PHAI,NGAYSINH,DIACHI,SODT,LUONG,PHUCAP,VAITRO,MANQL,PHG) values ('NV316',N'Liêu Thi Cầm',N'Nữ',to_date('04-NOV-93','DD-MON-RR'),N'Quận 2, TP Hồ Chí Minh','312971263',7599774,569881,N'Nhân viên','NV021','PB002');
Insert into U_AD_QLNV.NHANVIEN$ (MANV,TENNV,PHAI,NGAYSINH,DIACHI,SODT,LUONG,PHUCAP,VAITRO,MANQL,PHG) values ('NV317',N'Phong Xuân Lan',N'Nữ',to_date('01-OCT-96','DD-MON-RR'),N'Quận 1, TP Hồ Chí Minh','1600314975',7186763,661670,N'Nhân viên','NV020','PB006');
Insert into U_AD_QLNV.NHANVIEN$ (MANV,TENNV,PHAI,NGAYSINH,DIACHI,SODT,LUONG,PHUCAP,VAITRO,MANQL,PHG) values ('NV318',N'Lã Tâm Đan',N'Nữ',to_date('17-NOV-95','DD-MON-RR'),N'Quận Bình Tân, TP Hồ Chí Minh','896404842',7345682,919027,N'Nhân viên','NV012','PB004');
Insert into U_AD_QLNV.NHANVIEN$ (MANV,TENNV,PHAI,NGAYSINH,DIACHI,SODT,LUONG,PHUCAP,VAITRO,MANQL,PHG) values ('NV319',N'Đoàn Việt Anh',N'Nam',to_date('07-AUG-95','DD-MON-RR'),N'Quận Gò Vấp, TP Hồ Chí Minh','1241619284',7929206,731426,N'Nhân viên','NV011','PB005');
Insert into U_AD_QLNV.NHANVIEN$ (MANV,TENNV,PHAI,NGAYSINH,DIACHI,SODT,LUONG,PHUCAP,VAITRO,MANQL,PHG) values ('NV320',N'Lyly Công Lý',N'Nam',to_date('21-JUN-95','DD-MON-RR'),N'Quận Gò Vấp, TP Hồ Chí Minh','765201425',7503690,623001,N'Nhân viên','NV017','PB001');
Insert into U_AD_QLNV.NHANVIEN$ (MANV,TENNV,PHAI,NGAYSINH,DIACHI,SODT,LUONG,PHUCAP,VAITRO,MANQL,PHG) values ('NV321',N'Hướng Thành Khiêm',N'Nam',to_date('04-SEP-93','DD-MON-RR'),N'Quận Tân Bình, TP Hồ Chí Minh','274132387',7655158,982089,N'Nhân viên','NV024','PB004');
Insert into U_AD_QLNV.NHANVIEN$ (MANV,TENNV,PHAI,NGAYSINH,DIACHI,SODT,LUONG,PHUCAP,VAITRO,MANQL,PHG) values ('NV322',N'Lý Bảo Trân',N'Nữ',to_date('10-DEC-97','DD-MON-RR'),N'Quận Tân Bình, TP Hồ Chí Minh','1503525596',7969781,575513,N'Nhân viên','NV019','PB003');
Insert into U_AD_QLNV.NHANVIEN$ (MANV,TENNV,PHAI,NGAYSINH,DIACHI,SODT,LUONG,PHUCAP,VAITRO,MANQL,PHG) values ('NV323',N'Hoa Diễm Quyên',N'Nữ',to_date('14-MAY-90','DD-MON-RR'),N'Quận Bình Tân, TP Hồ Chí Minh','495883492',7289596,753513,N'Nhân viên','NV028','PB008');
Insert into U_AD_QLNV.NHANVIEN$ (MANV,TENNV,PHAI,NGAYSINH,DIACHI,SODT,LUONG,PHUCAP,VAITRO,MANQL,PHG) values ('NV324',N'Tống Thiên Ân',N'Nam',to_date('20-APR-95','DD-MON-RR'),N'Quận Bình Thạnh, TP Hồ Chí Minh','585273540',7810591,809714,N'Nhân viên','NV011','PB005');
Insert into U_AD_QLNV.NHANVIEN$ (MANV,TENNV,PHAI,NGAYSINH,DIACHI,SODT,LUONG,PHUCAP,VAITRO,MANQL,PHG) values ('NV325',N'Mang Kiều Trang',N'Nữ',to_date('11-NOV-90','DD-MON-RR'),N'Quận 8, TP Hồ Chí Minh','428717030',7297063,677753,N'Nhân viên','NV018','PB007');
Insert into U_AD_QLNV.NHANVIEN$ (MANV,TENNV,PHAI,NGAYSINH,DIACHI,SODT,LUONG,PHUCAP,VAITRO,MANQL,PHG) values ('NV326',N'Lyly Ngọc Quang',N'Nam',to_date('01-MAR-91','DD-MON-RR'),N'Quận 1, TP Hồ Chí Minh','935128596',7173472,536998,N'Nhân viên','NV016','PB003');
Insert into U_AD_QLNV.NHANVIEN$ (MANV,TENNV,PHAI,NGAYSINH,DIACHI,SODT,LUONG,PHUCAP,VAITRO,MANQL,PHG) values ('NV327',N'Đới Ðắc Thành',N'Nam',to_date('21-FEB-91','DD-MON-RR'),N'Quận Phú Nhuận, TP Hồ Chí Minh','1681617059',7851120,652547,N'Nhân viên','NV026','PB005');
Insert into U_AD_QLNV.NHANVIEN$ (MANV,TENNV,PHAI,NGAYSINH,DIACHI,SODT,LUONG,PHUCAP,VAITRO,MANQL,PHG) values ('NV328',N'Trương Mộng Tuyền',N'Nữ',to_date('24-AUG-97','DD-MON-RR'),N'Quận Tân Phú, TP Hồ Chí Minh','2138728973',7427481,568952,N'Nhân viên','NV022','PB005');
Insert into U_AD_QLNV.NHANVIEN$ (MANV,TENNV,PHAI,NGAYSINH,DIACHI,SODT,LUONG,PHUCAP,VAITRO,MANQL,PHG) values ('NV329',N'Cáp Hữu Bình',N'Nam',to_date('14-NOV-92','DD-MON-RR'),N'Quận Phú Nhuận, TP Hồ Chí Minh','269508409',9505651,1269057,N'Tài chính',null,'PB008');
Insert into U_AD_QLNV.NHANVIEN$ (MANV,TENNV,PHAI,NGAYSINH,DIACHI,SODT,LUONG,PHUCAP,VAITRO,MANQL,PHG) values ('NV330',N'Đặng Quang Thắng',N'Nam',to_date('16-JAN-93','DD-MON-RR'),N'Quận Phú Nhuận, TP Hồ Chí Minh','690186479',9341092,1222682,N'Tài chính',null,'PB006');
Insert into U_AD_QLNV.NHANVIEN$ (MANV,TENNV,PHAI,NGAYSINH,DIACHI,SODT,LUONG,PHUCAP,VAITRO,MANQL,PHG) values ('NV331',N'Giáp Kim Thịnh',N'Nam',to_date('01-MAY-97','DD-MON-RR'),N'Quận Gò Vấp, TP Hồ Chí Minh','450889760',9999501,1269832,N'Tài chính',null,'PB008');
Insert into U_AD_QLNV.NHANVIEN$ (MANV,TENNV,PHAI,NGAYSINH,DIACHI,SODT,LUONG,PHUCAP,VAITRO,MANQL,PHG) values ('NV332',N'Mã Xuân Hoa',N'Nữ',to_date('19-MAY-93','DD-MON-RR'),N'Quận Tân Bình, TP Hồ Chí Minh','1490224544',9177848,1273888,N'Tài chính',null,'PB003');
Insert into U_AD_QLNV.NHANVIEN$ (MANV,TENNV,PHAI,NGAYSINH,DIACHI,SODT,LUONG,PHUCAP,VAITRO,MANQL,PHG) values ('NV333',N'Hàng Phúc Lâm',N'Nam',to_date('26-DEC-95','DD-MON-RR'),N'Quận 1, TP Hồ Chí Minh','711187654',9262227,1262480,N'Tài chính',null,'PB003');
Insert into U_AD_QLNV.NHANVIEN$ (MANV,TENNV,PHAI,NGAYSINH,DIACHI,SODT,LUONG,PHUCAP,VAITRO,MANQL,PHG) values ('NV334',N'Cù Nguyệt Ánh',N'Nữ',to_date('09-AUG-90','DD-MON-RR'),N'Quận 8, TP Hồ Chí Minh','455248254',9573047,1275138,N'Nhân sự',null,'PB004');
Insert into U_AD_QLNV.NHANVIEN$ (MANV,TENNV,PHAI,NGAYSINH,DIACHI,SODT,LUONG,PHUCAP,VAITRO,MANQL,PHG) values ('NV335',N'Cự Thái Lan',N'Nữ',to_date('14-MAY-93','DD-MON-RR'),N'Quận Tân Bình, TP Hồ Chí Minh','719655411',9202272,1283094,N'Nhân sự',null,'PB002');
Insert into U_AD_QLNV.NHANVIEN$ (MANV,TENNV,PHAI,NGAYSINH,DIACHI,SODT,LUONG,PHUCAP,VAITRO,MANQL,PHG) values ('NV336',N'Tiêu Tấn Dũng',N'Nam',to_date('05-APR-97','DD-MON-RR'),N'Quận Bình Tân, TP Hồ Chí Minh','613297868',9395257,1230221,N'Nhân sự',null,'PB004');
Insert into U_AD_QLNV.NHANVIEN$ (MANV,TENNV,PHAI,NGAYSINH,DIACHI,SODT,LUONG,PHUCAP,VAITRO,MANQL,PHG) values ('NV337',N'Quảng Kim Phú',N'Nam',to_date('05-OCT-91','DD-MON-RR'),N'Quận Phú Nhuận, TP Hồ Chí Minh','915930690',9274249,1211431,N'Nhân sự',null,'PB002');
Insert into U_AD_QLNV.NHANVIEN$ (MANV,TENNV,PHAI,NGAYSINH,DIACHI,SODT,LUONG,PHUCAP,VAITRO,MANQL,PHG) values ('NV338',N'Bạc Thùy Dung',N'Nữ',to_date('22-MAR-90','DD-MON-RR'),N'Quận 2, TP Hồ Chí Minh','1111181194',9808236,1220292,N'Nhân sự',null,'PB003');
Insert into U_AD_QLNV.NHANVIEN$ (MANV,TENNV,PHAI,NGAYSINH,DIACHI,SODT,LUONG,PHUCAP,VAITRO,MANQL,PHG) values ('NV339',N'Giang Lệ Quyên',N'Nữ',to_date('25-MAR-94','DD-MON-RR'),N'Quận Tân Bình, TP Hồ Chí Minh','1793315243',9857256,1232735,N'Trưởng đề án',null,'PB004');
Insert into U_AD_QLNV.NHANVIEN$ (MANV,TENNV,PHAI,NGAYSINH,DIACHI,SODT,LUONG,PHUCAP,VAITRO,MANQL,PHG) values ('NV340',N'Cát Bảo Lễ',N'Nữ',to_date('13-MAR-97','DD-MON-RR'),N'Quận Tân Bình, TP Hồ Chí Minh','859053311',9529491,1215336,N'Trưởng đề án',null,'PB006');
Insert into U_AD_QLNV.NHANVIEN$ (MANV,TENNV,PHAI,NGAYSINH,DIACHI,SODT,LUONG,PHUCAP,VAITRO,MANQL,PHG) values ('NV341',N'Đường Kim Cương',N'Nữ',to_date('11-AUG-97','DD-MON-RR'),N'Quận 1, TP Hồ Chí Minh','981096770',9153278,1288524,N'Trưởng đề án',null,'PB002');
Insert into U_AD_QLNV.NHANVIEN$ (MANV,TENNV,PHAI,NGAYSINH,DIACHI,SODT,LUONG,PHUCAP,VAITRO,MANQL,PHG) values ('NV227',N'Hạ Quỳnh Phương',N'Nữ',to_date('01-NOV-97','DD-MON-RR'),N'Quận 1, TP Hồ Chí Minh','1922801411',7327674,898874,N'Nhân viên','NV021','PB002');
Insert into U_AD_QLNV.NHANVIEN$ (MANV,TENNV,PHAI,NGAYSINH,DIACHI,SODT,LUONG,PHUCAP,VAITRO,MANQL,PHG) values ('NV228',N'Hạ Huy Tuấn',N'Nam',to_date('20-AUG-90','DD-MON-RR'),N'Quận 1, TP Hồ Chí Minh','356202517',7815934,738491,N'Nhân viên','NV025','PB005');
Insert into U_AD_QLNV.NHANVIEN$ (MANV,TENNV,PHAI,NGAYSINH,DIACHI,SODT,LUONG,PHUCAP,VAITRO,MANQL,PHG) values ('NV229',N'Lạc Thịnh Cường',N'Nam',to_date('16-DEC-97','DD-MON-RR'),N'Quận Gò Vấp, TP Hồ Chí Minh','1986823564',7329616,751137,N'Nhân viên','NV022','PB005');
Insert into U_AD_QLNV.NHANVIEN$ (MANV,TENNV,PHAI,NGAYSINH,DIACHI,SODT,LUONG,PHUCAP,VAITRO,MANQL,PHG) values ('NV230',N'Anh Ngọc Thi',N'Nữ',to_date('25-APR-96','DD-MON-RR'),N'Quận Bình Tân, TP Hồ Chí Minh','1429383637',7783475,897387,N'Nhân viên','NV024','PB004');
Insert into U_AD_QLNV.NHANVIEN$ (MANV,TENNV,PHAI,NGAYSINH,DIACHI,SODT,LUONG,PHUCAP,VAITRO,MANQL,PHG) values ('NV231',N'Lăng Hương Thảo',N'Nữ',to_date('05-JAN-95','DD-MON-RR'),N'Quận Bình Tân, TP Hồ Chí Minh','1008397961',7115982,660743,N'Nhân viên','NV017','PB001');
Insert into U_AD_QLNV.NHANVIEN$ (MANV,TENNV,PHAI,NGAYSINH,DIACHI,SODT,LUONG,PHUCAP,VAITRO,MANQL,PHG) values ('NV232',N'Thào Mậu Xuân',N'Nữ',to_date('04-FEB-91','DD-MON-RR'),N'Quận Phú Nhuận, TP Hồ Chí Minh','823950584',7498120,552606,N'Nhân viên','NV024','PB004');
Insert into U_AD_QLNV.NHANVIEN$ (MANV,TENNV,PHAI,NGAYSINH,DIACHI,SODT,LUONG,PHUCAP,VAITRO,MANQL,PHG) values ('NV233',N'Vi Kỳ Anh',N'Nữ',to_date('04-JUN-92','DD-MON-RR'),N'Quận Bình Thạnh, TP Hồ Chí Minh','1417337170',7683942,606713,N'Nhân viên','NV019','PB003');
Insert into U_AD_QLNV.NHANVIEN$ (MANV,TENNV,PHAI,NGAYSINH,DIACHI,SODT,LUONG,PHUCAP,VAITRO,MANQL,PHG) values ('NV234',N'Duy Huyền Linh',N'Nữ',to_date('03-JUN-90','DD-MON-RR'),N'Quận Phú Nhuận, TP Hồ Chí Minh','1199028948',7822411,868160,N'Nhân viên','NV021','PB002');
Insert into U_AD_QLNV.NHANVIEN$ (MANV,TENNV,PHAI,NGAYSINH,DIACHI,SODT,LUONG,PHUCAP,VAITRO,MANQL,PHG) values ('NV235',N'Bế Ánh Xuân',N'Nữ',to_date('26-AUG-96','DD-MON-RR'),N'Quận Bình Thạnh, TP Hồ Chí Minh','152793408',7889113,766944,N'Nhân viên','NV009','PB003');
Insert into U_AD_QLNV.NHANVIEN$ (MANV,TENNV,PHAI,NGAYSINH,DIACHI,SODT,LUONG,PHUCAP,VAITRO,MANQL,PHG) values ('NV236',N'Giáp Nhật Mai',N'Nữ',to_date('15-NOV-90','DD-MON-RR'),N'Quận Tân Phú, TP Hồ Chí Minh','1372212163',7116385,560150,N'Nhân viên','NV014','PB008');
Insert into U_AD_QLNV.NHANVIEN$ (MANV,TENNV,PHAI,NGAYSINH,DIACHI,SODT,LUONG,PHUCAP,VAITRO,MANQL,PHG) values ('NV237',N'Luyện Gia Bảo',N'Nam',to_date('23-MAY-90','DD-MON-RR'),N'Quận 1, TP Hồ Chí Minh','506478150',7734154,968210,N'Nhân viên','NV027','PB001');
Insert into U_AD_QLNV.NHANVIEN$ (MANV,TENNV,PHAI,NGAYSINH,DIACHI,SODT,LUONG,PHUCAP,VAITRO,MANQL,PHG) values ('NV238',N'Hồng Thiện Dũng',N'Nam',to_date('22-NOV-92','DD-MON-RR'),N'Quận Tân Phú, TP Hồ Chí Minh','1008128607',7717527,861407,N'Nhân viên','NV010','PB007');
Insert into U_AD_QLNV.NHANVIEN$ (MANV,TENNV,PHAI,NGAYSINH,DIACHI,SODT,LUONG,PHUCAP,VAITRO,MANQL,PHG) values ('NV239',N'Thang Mộng Thi',N'Nữ',to_date('26-JUN-94','DD-MON-RR'),N'Quận Bình Tân, TP Hồ Chí Minh','2073276307',7537463,881990,N'Nhân viên','NV009','PB003');
Insert into U_AD_QLNV.NHANVIEN$ (MANV,TENNV,PHAI,NGAYSINH,DIACHI,SODT,LUONG,PHUCAP,VAITRO,MANQL,PHG) values ('NV240',N'Ngọc Uyển Khanh',N'Nữ',to_date('21-JUN-90','DD-MON-RR'),N'Quận Phú Nhuận, TP Hồ Chí Minh','1743220834',7615661,670976,N'Nhân viên','NV023','PB006');
Insert into U_AD_QLNV.NHANVIEN$ (MANV,TENNV,PHAI,NGAYSINH,DIACHI,SODT,LUONG,PHUCAP,VAITRO,MANQL,PHG) values ('NV241',N'Sái Cao Phong',N'Nam',to_date('12-FEB-96','DD-MON-RR'),N'Quận Phú Nhuận, TP Hồ Chí Minh','794918096',7645468,777479,N'Nhân viên','NV022','PB005');
Insert into U_AD_QLNV.NHANVIEN$ (MANV,TENNV,PHAI,NGAYSINH,DIACHI,SODT,LUONG,PHUCAP,VAITRO,MANQL,PHG) values ('NV242',N'Tấn Mỹ Trâm',N'Nữ',to_date('26-JUN-90','DD-MON-RR'),N'Quận Bình Tân, TP Hồ Chí Minh','2096874985',7301174,790192,N'Nhân viên','NV028','PB008');
Insert into U_AD_QLNV.NHANVIEN$ (MANV,TENNV,PHAI,NGAYSINH,DIACHI,SODT,LUONG,PHUCAP,VAITRO,MANQL,PHG) values ('NV243',N'Quán Quang Thạch',N'Nam',to_date('15-MAY-93','DD-MON-RR'),N'Quận Bình Tân, TP Hồ Chí Minh','1898120675',7722450,622890,N'Nhân viên','NV015','PB003');
Insert into U_AD_QLNV.NHANVIEN$ (MANV,TENNV,PHAI,NGAYSINH,DIACHI,SODT,LUONG,PHUCAP,VAITRO,MANQL,PHG) values ('NV244',N'Đỗ Hạnh Nga',N'Nữ',to_date('27-MAY-96','DD-MON-RR'),N'Quận Bình Thạnh, TP Hồ Chí Minh','1387055503',7371429,711059,N'Nhân viên','NV018','PB007');
Insert into U_AD_QLNV.NHANVIEN$ (MANV,TENNV,PHAI,NGAYSINH,DIACHI,SODT,LUONG,PHUCAP,VAITRO,MANQL,PHG) values ('NV245',N'Phùng Nhất Tiến',N'Nam',to_date('18-DEC-93','DD-MON-RR'),N'Quận 1, TP Hồ Chí Minh','220461811',7936962,828163,N'Nhân viên','NV014','PB008');
Insert into U_AD_QLNV.NHANVIEN$ (MANV,TENNV,PHAI,NGAYSINH,DIACHI,SODT,LUONG,PHUCAP,VAITRO,MANQL,PHG) values ('NV246',N'Vòng Thảo Vân',N'Nữ',to_date('25-OCT-91','DD-MON-RR'),N'Quận Bình Tân, TP Hồ Chí Minh','902885043',7195209,540224,N'Nhân viên','NV012','PB004');
Insert into U_AD_QLNV.NHANVIEN$ (MANV,TENNV,PHAI,NGAYSINH,DIACHI,SODT,LUONG,PHUCAP,VAITRO,MANQL,PHG) values ('NV247',N'Giao Công Sơn',N'Nam',to_date('02-JUL-91','DD-MON-RR'),N'Quận Tân Phú, TP Hồ Chí Minh','1483706216',7493383,525062,N'Nhân viên','NV012','PB004');
Insert into U_AD_QLNV.NHANVIEN$ (MANV,TENNV,PHAI,NGAYSINH,DIACHI,SODT,LUONG,PHUCAP,VAITRO,MANQL,PHG) values ('NV248',N'Quảng Ðan Khanh',N'Nữ',to_date('20-SEP-95','DD-MON-RR'),N'Quận 1, TP Hồ Chí Minh','841114140',7755855,869539,N'Nhân viên','NV011','PB005');
Insert into U_AD_QLNV.NHANVIEN$ (MANV,TENNV,PHAI,NGAYSINH,DIACHI,SODT,LUONG,PHUCAP,VAITRO,MANQL,PHG) values ('NV249',N'Đồ Minh Hà',N'Nữ',to_date('21-JUL-90','DD-MON-RR'),N'Quận 1, TP Hồ Chí Minh','1228318534',7039528,829349,N'Nhân viên','NV026','PB005');
Insert into U_AD_QLNV.NHANVIEN$ (MANV,TENNV,PHAI,NGAYSINH,DIACHI,SODT,LUONG,PHUCAP,VAITRO,MANQL,PHG) values ('NV250',N'Giao Ðăng Khánh',N'Nam',to_date('06-DEC-97','DD-MON-RR'),N'Quận 8, TP Hồ Chí Minh','122333391',7441939,810033,N'Nhân viên','NV027','PB001');
Insert into U_AD_QLNV.NHANVIEN$ (MANV,TENNV,PHAI,NGAYSINH,DIACHI,SODT,LUONG,PHUCAP,VAITRO,MANQL,PHG) values ('NV251',N'Hứa Anh Thi',N'Nữ',to_date('15-JAN-90','DD-MON-RR'),N'Quận Bình Tân, TP Hồ Chí Minh','1427807791',7699786,684967,N'Nhân viên','NV012','PB004');
Insert into U_AD_QLNV.NHANVIEN$ (MANV,TENNV,PHAI,NGAYSINH,DIACHI,SODT,LUONG,PHUCAP,VAITRO,MANQL,PHG) values ('NV252',N'Vương Quốc Hòa',N'Nam',to_date('14-NOV-95','DD-MON-RR'),N'Quận Bình Thạnh, TP Hồ Chí Minh','937898044',7064161,728602,N'Nhân viên','NV012','PB004');
Insert into U_AD_QLNV.NHANVIEN$ (MANV,TENNV,PHAI,NGAYSINH,DIACHI,SODT,LUONG,PHUCAP,VAITRO,MANQL,PHG) values ('NV253',N'Dương Minh Vũ',N'Nam',to_date('11-JUN-90','DD-MON-RR'),N'Quận Tân Phú, TP Hồ Chí Minh','795357933',7338779,681012,N'Nhân viên','NV026','PB005');
Insert into U_AD_QLNV.NHANVIEN$ (MANV,TENNV,PHAI,NGAYSINH,DIACHI,SODT,LUONG,PHUCAP,VAITRO,MANQL,PHG) values ('NV254',N'Lyly Uyên Thi',N'Nữ',to_date('25-JUN-92','DD-MON-RR'),N'Quận 2, TP Hồ Chí Minh','637042931',7953218,639267,N'Nhân viên','NV021','PB002');
Insert into U_AD_QLNV.NHANVIEN$ (MANV,TENNV,PHAI,NGAYSINH,DIACHI,SODT,LUONG,PHUCAP,VAITRO,MANQL,PHG) values ('NV255',N'Ao Phúc Lâm',N'Nam',to_date('13-JUN-91','DD-MON-RR'),N'Quận Gò Vấp, TP Hồ Chí Minh','48383263',7033911,972493,N'Nhân viên','NV014','PB008');
Insert into U_AD_QLNV.NHANVIEN$ (MANV,TENNV,PHAI,NGAYSINH,DIACHI,SODT,LUONG,PHUCAP,VAITRO,MANQL,PHG) values ('NV256',N'Trà Khánh Ly',N'Nữ',to_date('23-MAR-90','DD-MON-RR'),N'Quận 2, TP Hồ Chí Minh','1706580762',7075198,743789,N'Nhân viên','NV016','PB003');
Insert into U_AD_QLNV.NHANVIEN$ (MANV,TENNV,PHAI,NGAYSINH,DIACHI,SODT,LUONG,PHUCAP,VAITRO,MANQL,PHG) values ('NV257',N'Mùa Hữu Vượng',N'Nam',to_date('23-OCT-95','DD-MON-RR'),N'Quận 8, TP Hồ Chí Minh','1244107009',7553990,988712,N'Nhân viên','NV014','PB008');
Insert into U_AD_QLNV.NHANVIEN$ (MANV,TENNV,PHAI,NGAYSINH,DIACHI,SODT,LUONG,PHUCAP,VAITRO,MANQL,PHG) values ('NV258',N'Đào Chí Khiêm',N'Nam',to_date('17-APR-93','DD-MON-RR'),N'Quận Bình Thạnh, TP Hồ Chí Minh','567204976',7354642,884829,N'Nhân viên','NV015','PB003');
Insert into U_AD_QLNV.NHANVIEN$ (MANV,TENNV,PHAI,NGAYSINH,DIACHI,SODT,LUONG,PHUCAP,VAITRO,MANQL,PHG) values ('NV259',N'Điều Ánh Hoa',N'Nữ',to_date('04-MAY-96','DD-MON-RR'),N'Quận 1, TP Hồ Chí Minh','619230115',7880433,871903,N'Nhân viên','NV010','PB007');
Insert into U_AD_QLNV.NHANVIEN$ (MANV,TENNV,PHAI,NGAYSINH,DIACHI,SODT,LUONG,PHUCAP,VAITRO,MANQL,PHG) values ('NV260',N'Sái Tuyết Thanh',N'Nữ',to_date('03-MAY-93','DD-MON-RR'),N'Quận Bình Thạnh, TP Hồ Chí Minh','556930018',7258719,775119,N'Nhân viên','NV024','PB004');
Insert into U_AD_QLNV.NHANVIEN$ (MANV,TENNV,PHAI,NGAYSINH,DIACHI,SODT,LUONG,PHUCAP,VAITRO,MANQL,PHG) values ('NV261',N'Tề Vân Thường',N'Nữ',to_date('08-OCT-94','DD-MON-RR'),N'Quận Gò Vấp, TP Hồ Chí Minh','118090622',7831501,725202,N'Nhân viên','NV014','PB008');
Insert into U_AD_QLNV.NHANVIEN$ (MANV,TENNV,PHAI,NGAYSINH,DIACHI,SODT,LUONG,PHUCAP,VAITRO,MANQL,PHG) values ('NV262',N'Giả Hồng Minh',N'Nam',to_date('16-JUN-95','DD-MON-RR'),N'Quận Bình Thạnh, TP Hồ Chí Minh','1909006807',7990493,897252,N'Nhân viên','NV024','PB004');
Insert into U_AD_QLNV.NHANVIEN$ (MANV,TENNV,PHAI,NGAYSINH,DIACHI,SODT,LUONG,PHUCAP,VAITRO,MANQL,PHG) values ('NV263',N'Chương Liễu Oanh',N'Nữ',to_date('24-SEP-90','DD-MON-RR'),N'Quận Phú Nhuận, TP Hồ Chí Minh','1299145441',7850545,589359,N'Nhân viên','NV021','PB002');
Insert into U_AD_QLNV.NHANVIEN$ (MANV,TENNV,PHAI,NGAYSINH,DIACHI,SODT,LUONG,PHUCAP,VAITRO,MANQL,PHG) values ('NV264',N'Chương Quang Sáng',N'Nam',to_date('16-DEC-96','DD-MON-RR'),N'Quận Tân Phú, TP Hồ Chí Minh','1094871320',7502962,786263,N'Nhân viên','NV026','PB005');
Insert into U_AD_QLNV.NHANVIEN$ (MANV,TENNV,PHAI,NGAYSINH,DIACHI,SODT,LUONG,PHUCAP,VAITRO,MANQL,PHG) values ('NV265',N'Cam Tường Vi',N'Nữ',to_date('25-JUN-97','DD-MON-RR'),N'Quận Gò Vấp, TP Hồ Chí Minh','28553960',7947391,627493,N'Nhân viên','NV016','PB003');
Insert into U_AD_QLNV.NHANVIEN$ (MANV,TENNV,PHAI,NGAYSINH,DIACHI,SODT,LUONG,PHUCAP,VAITRO,MANQL,PHG) values ('NV266',N'Viêm Phúc Cường',N'Nam',to_date('15-FEB-96','DD-MON-RR'),N'Quận 8, TP Hồ Chí Minh','1958723219',7786220,537620,N'Nhân viên','NV014','PB008');
Insert into U_AD_QLNV.NHANVIEN$ (MANV,TENNV,PHAI,NGAYSINH,DIACHI,SODT,LUONG,PHUCAP,VAITRO,MANQL,PHG) values ('NV267',N'Mẫn Tuyết Băng',N'Nữ',to_date('27-SEP-97','DD-MON-RR'),N'Quận 2, TP Hồ Chí Minh','818844849',7363801,657489,N'Nhân viên','NV018','PB007');
Insert into U_AD_QLNV.NHANVIEN$ (MANV,TENNV,PHAI,NGAYSINH,DIACHI,SODT,LUONG,PHUCAP,VAITRO,MANQL,PHG) values ('NV268',N'Ngụy Anh Ðào',N'Nữ',to_date('15-FEB-91','DD-MON-RR'),N'Quận Bình Thạnh, TP Hồ Chí Minh','1501363609',7251095,537706,N'Nhân viên','NV026','PB005');
Insert into U_AD_QLNV.NHANVIEN$ (MANV,TENNV,PHAI,NGAYSINH,DIACHI,SODT,LUONG,PHUCAP,VAITRO,MANQL,PHG) values ('NV269',N'Lê Phước Thành',N'Nam',to_date('12-APR-92','DD-MON-RR'),N'Quận Bình Tân, TP Hồ Chí Minh','1076589905',7270746,686417,N'Nhân viên','NV018','PB007');
Insert into U_AD_QLNV.NHANVIEN$ (MANV,TENNV,PHAI,NGAYSINH,DIACHI,SODT,LUONG,PHUCAP,VAITRO,MANQL,PHG) values ('NV270',N'Thôi Lệ Thanh',N'Nữ',to_date('03-MAY-93','DD-MON-RR'),N'Quận 2, TP Hồ Chí Minh','654943806',7227324,848758,N'Nhân viên','NV025','PB005');
Insert into U_AD_QLNV.NHANVIEN$ (MANV,TENNV,PHAI,NGAYSINH,DIACHI,SODT,LUONG,PHUCAP,VAITRO,MANQL,PHG) values ('NV271',N'Triệu Ngọc Khang',N'Nam',to_date('11-SEP-91','DD-MON-RR'),N'Quận Gò Vấp, TP Hồ Chí Minh','452109789',7259274,765091,N'Nhân viên','NV018','PB007');
REM INSERTING into U_AD_QLNV.PHANCONG$
SET DEFINE OFF;
Insert into U_AD_QLNV.PHANCONG$ (MANV,MADA,THOIGIAN) values ('NV001','DA001',48);
Insert into U_AD_QLNV.PHANCONG$ (MANV,MADA,THOIGIAN) values ('NV002','DA002',72);
Insert into U_AD_QLNV.PHANCONG$ (MANV,MADA,THOIGIAN) values ('NV003','DA003',96);
Insert into U_AD_QLNV.PHANCONG$ (MANV,MADA,THOIGIAN) values ('NV001','DA002',48);
Insert into U_AD_QLNV.PHANCONG$ (MANV,MADA,THOIGIAN) values ('NV001','DA003',48);
Insert into U_AD_QLNV.PHANCONG$ (MANV,MADA,THOIGIAN) values ('NV009','DA001',48);
Insert into U_AD_QLNV.PHANCONG$ (MANV,MADA,THOIGIAN) values ('NV009','DA002',35);
Insert into U_AD_QLNV.PHANCONG$ (MANV,MADA,THOIGIAN) values ('NV092','DA001',35);
Insert into U_AD_QLNV.PHANCONG$ (MANV,MADA,THOIGIAN) values ('NV096','DA001',35);
Insert into U_AD_QLNV.PHANCONG$ (MANV,MADA,THOIGIAN) values ('NV101','DA001',35);


REM INSERTING into U_AD_QLNV.PHONGBAN
SET DEFINE OFF;
Insert into U_AD_QLNV.PHONGBAN (MAPB,TENPB,TRGPHG) values ('PB001',N'Phòng ban 1','NV001');
Insert into U_AD_QLNV.PHONGBAN (MAPB,TENPB,TRGPHG) values ('PB002',N'Phòng ban 2','NV002');
Insert into U_AD_QLNV.PHONGBAN (MAPB,TENPB,TRGPHG) values ('PB003',N'Phòng ban 3','NV003');
Insert into U_AD_QLNV.PHONGBAN (MAPB,TENPB,TRGPHG) values ('PB004',N'Phòng ban 4','NV004');
Insert into U_AD_QLNV.PHONGBAN (MAPB,TENPB,TRGPHG) values ('PB005',N'Phòng ban 5','NV005');
Insert into U_AD_QLNV.PHONGBAN (MAPB,TENPB,TRGPHG) values ('PB006',N'Phòng ban 6','NV006');
Insert into U_AD_QLNV.PHONGBAN (MAPB,TENPB,TRGPHG) values ('PB007',N'Phòng ban 7','NV007');
Insert into U_AD_QLNV.PHONGBAN (MAPB,TENPB,TRGPHG) values ('PB008',N'Phòng ban 8','NV008');

--------------------------------------------------------
--  DDL for Index SYS_C009111
--------------------------------------------------------

  CREATE UNIQUE INDEX "U_AD_QLNV"."SYS_C009111" ON "U_AD_QLNV"."DEAN" ("MADA") 
  PCTFREE 10 INITRANS 2 MAXTRANS 255 
  STORAGE(INITIAL 65536 NEXT 1048576 MINEXTENTS 1 MAXEXTENTS 2147483645
  PCTINCREASE 0 FREELISTS 1 FREELIST GROUPS 1
  BUFFER_POOL DEFAULT FLASH_CACHE DEFAULT CELL_FLASH_CACHE DEFAULT)
  TABLESPACE "USERS" ;
--------------------------------------------------------
--  DDL for Index SYS_C009109
--------------------------------------------------------

  CREATE UNIQUE INDEX "U_AD_QLNV"."SYS_C009109" ON "U_AD_QLNV"."NHANVIEN$" ("MANV") 
  PCTFREE 10 INITRANS 2 MAXTRANS 255 
  STORAGE(INITIAL 65536 NEXT 1048576 MINEXTENTS 1 MAXEXTENTS 2147483645
  PCTINCREASE 0 FREELISTS 1 FREELIST GROUPS 1
  BUFFER_POOL DEFAULT FLASH_CACHE DEFAULT CELL_FLASH_CACHE DEFAULT)
  TABLESPACE "USERS" ;
--------------------------------------------------------
--  DDL for Index SYS_C009113
--------------------------------------------------------

  CREATE UNIQUE INDEX "U_AD_QLNV"."SYS_C009113" ON "U_AD_QLNV"."PHANCONG$" ("MANV", "MADA") 
  PCTFREE 10 INITRANS 2 MAXTRANS 255 
  STORAGE(INITIAL 65536 NEXT 1048576 MINEXTENTS 1 MAXEXTENTS 2147483645
  PCTINCREASE 0 FREELISTS 1 FREELIST GROUPS 1
  BUFFER_POOL DEFAULT FLASH_CACHE DEFAULT CELL_FLASH_CACHE DEFAULT)
  TABLESPACE "USERS" ;
--------------------------------------------------------
--  DDL for Index SYS_C009107
--------------------------------------------------------

  CREATE UNIQUE INDEX "U_AD_QLNV"."SYS_C009107" ON "U_AD_QLNV"."PHONGBAN" ("MAPB") 
  PCTFREE 10 INITRANS 2 MAXTRANS 255 
  STORAGE(INITIAL 65536 NEXT 1048576 MINEXTENTS 1 MAXEXTENTS 2147483645
  PCTINCREASE 0 FREELISTS 1 FREELIST GROUPS 1
  BUFFER_POOL DEFAULT FLASH_CACHE DEFAULT CELL_FLASH_CACHE DEFAULT)
  TABLESPACE "USERS" ;
--------------------------------------------------------
--  Constraints for Table DEAN
--------------------------------------------------------

  ALTER TABLE "U_AD_QLNV"."DEAN" ADD PRIMARY KEY ("MADA")
  USING INDEX PCTFREE 10 INITRANS 2 MAXTRANS 255 
  STORAGE(INITIAL 65536 NEXT 1048576 MINEXTENTS 1 MAXEXTENTS 2147483645
  PCTINCREASE 0 FREELISTS 1 FREELIST GROUPS 1
  BUFFER_POOL DEFAULT FLASH_CACHE DEFAULT CELL_FLASH_CACHE DEFAULT)
  TABLESPACE "USERS"  ENABLE;
--------------------------------------------------------
--  Constraints for Table NHANVIEN$
--------------------------------------------------------

  ALTER TABLE "U_AD_QLNV"."NHANVIEN$" ADD CHECK (VAITRO IN (N'Nhân viên',N'QL trực tiếp',N'Trưởng phòng',N'Tài chính',N'Nhân sự',N'Trưởng đề án',N'Ban giám đốc')) ENABLE;
  ALTER TABLE "U_AD_QLNV"."NHANVIEN$" ADD PRIMARY KEY ("MANV")
  USING INDEX PCTFREE 10 INITRANS 2 MAXTRANS 255 
  STORAGE(INITIAL 65536 NEXT 1048576 MINEXTENTS 1 MAXEXTENTS 2147483645
  PCTINCREASE 0 FREELISTS 1 FREELIST GROUPS 1
  BUFFER_POOL DEFAULT FLASH_CACHE DEFAULT CELL_FLASH_CACHE DEFAULT)
  TABLESPACE "USERS"  ENABLE;
--------------------------------------------------------
--  Constraints for Table PHANCONG$
--------------------------------------------------------

  ALTER TABLE "U_AD_QLNV"."PHANCONG$" ADD PRIMARY KEY ("MANV", "MADA")
  USING INDEX PCTFREE 10 INITRANS 2 MAXTRANS 255 
  STORAGE(INITIAL 65536 NEXT 1048576 MINEXTENTS 1 MAXEXTENTS 2147483645
  PCTINCREASE 0 FREELISTS 1 FREELIST GROUPS 1
  BUFFER_POOL DEFAULT FLASH_CACHE DEFAULT CELL_FLASH_CACHE DEFAULT)
  TABLESPACE "USERS"  ENABLE;
--------------------------------------------------------
--  Constraints for Table PHONGBAN
--------------------------------------------------------

  ALTER TABLE "U_AD_QLNV"."PHONGBAN" ADD PRIMARY KEY ("MAPB")
  USING INDEX PCTFREE 10 INITRANS 2 MAXTRANS 255 
  STORAGE(INITIAL 65536 NEXT 1048576 MINEXTENTS 1 MAXEXTENTS 2147483645
  PCTINCREASE 0 FREELISTS 1 FREELIST GROUPS 1
  BUFFER_POOL DEFAULT FLASH_CACHE DEFAULT CELL_FLASH_CACHE DEFAULT)
  TABLESPACE "USERS"  ENABLE;
--------------------------------------------------------
--  Ref Constraints for Table DEAN
--------------------------------------------------------

  ALTER TABLE "U_AD_QLNV"."DEAN" ADD FOREIGN KEY ("PHONG")
	  REFERENCES "U_AD_QLNV"."PHONGBAN" ("MAPB") ENABLE;
--------------------------------------------------------
--  Ref Constraints for Table NHANVIEN$
--------------------------------------------------------

  ALTER TABLE "U_AD_QLNV"."NHANVIEN$" ADD FOREIGN KEY ("PHG")
	  REFERENCES "U_AD_QLNV"."PHONGBAN" ("MAPB") ENABLE;
--------------------------------------------------------
--  Ref Constraints for Table PHANCONG$
--------------------------------------------------------

  ALTER TABLE "U_AD_QLNV"."PHANCONG$" ADD FOREIGN KEY ("MANV")
	  REFERENCES "U_AD_QLNV"."NHANVIEN$" ("MANV") ENABLE;
  ALTER TABLE "U_AD_QLNV"."PHANCONG$" ADD FOREIGN KEY ("MADA")
	  REFERENCES "U_AD_QLNV"."DEAN" ("MADA") ENABLE;
